XID,Housing.com Link
383662,https://housing.com/in/buy/projects/page/269502-primark-eco-nest-by-primark-developers-in-bhadurpalle
383708,https://housing.com/in/buy/projects/page/269673-aparna-zenon-by-aparna-in-manikonda
383882,https://housing.com/in/buy/projects/page/269281-rustomjee-uptown-urbania-by-rustomjee-builders-in-thane-west
383939,https://housing.com/in/buy/projects/page/297870-concorde-opus-ii-by-concorde-housing-corporation-pvt-ltd-in-tharalu
383945,https://housing.com/buy-eden-willow-estate-by-eden-group-in-narendrapur-kolkata-pid-271748
384098,https://housing.com/in/buy/projects/page/269911-planmen-roseate-homes-by-planmen-buildtech-llp-in-lohgarh
384290,https://housing.com/in/buy/projects/page/335465-godrej-park-retreat-by-godrej-properties-ltd-in-chikkakannalli
384755,https://housing.com/in/buy/projects/page/326641-jhamtani-ace-abode-by-jhamtani-group-in-ravet
384964,https://housing.com/in/buy/projects/page/271675-sheth-vasantoasis-blossom-bldg-20-wing-a-and-wing-b-by-sheth-creators-in-andheri-east
385178,https://housing.com/in/buy/projects/page/271822-nambiar-millennia-by-nambiar-enterprises-llp-in-anekal
385349,https://housing.com/in/buy/projects/page/273284-prestige-meridian-park-phase-i-the-prestige-city-by-prestige-estates-projects-ltd-in-sarjapur
385408,https://housing.com/in/buy/projects/page/272278-nyati-era-i-by-nyati-group-in-dhanori
386131,https://housing.com/in/buy/projects/page/291194-venkatesh-erandwane-central-by-shree-venkatesh-buildcon-in-erandwane
386719,https://housing.com/in/buy/projects/page/272127-dlh-legacy-by-dlh-in-andheri-west
386756,https://housing.com/in/buy/projects/page/294377-mantra-mirari-by-mantra-properties-in-mundhwa
386817,https://housing.com/in/buy/projects/page/272316-shevi-utopia-gold-by-shevi-group-in-moshi
386987,https://housing.com/in/buy/projects/page/273414-ds-max-sukruth-by-dsmax-properties-private-limited-in-attibele
386991,https://housing.com/in/buy/projects/page/274607-sentient-eden-by-sentient-developers-in-kasavanahalli
386994,https://housing.com/in/buy/projects/page/274997-sumadhura-aspire-amber-by-sumadhura-infracon-pvt-ltd-in-bidare-agraha
386997,https://housing.com/in/buy/projects/page/275093-land-capital-calista-by-land-capital-estates-private-limited-in-anantapura
387255,https://housing.com/in/buy/projects/page/273808-l-and-t-elixir-reserve-by-lt-realty-in-powai
387280,https://housing.com/buy-supercity-joy-by-shrinivas-organisors-private-limited-in-science-city-ahmedabad-pid-273905
387488,https://housing.com/in/buy/projects/page/274889-radhey-raaga-by-radhey-constructions-pvt-ltd-in-kollur
387813,https://housing.com/in/buy/projects/page/273282-lodha-bellagio-by-lodha-group-in-powai
388006,https://housing.com/in/buy/projects/page/276381-paradise-sai-suncity-by-paradise-group-in-taloja
388125,https://housing.com/buy-safal-riviera-aspire-by-safal-goyal-realty-llp-in-shela-ahmedabad-pid-273677
388179,https://housing.com/in/buy/projects/page/291474-vtp-bellissimo-by-vtp-realty-in-hinjawadi
388209,https://housing.com/buy-sharanya-altura-by-sharanya-group-in-shilaj-ahmedabad-pid-274482
388275,https://housing.com/in/buy/projects/page/276332-aishwaryam-insignia-by-aishwaryam-group-in-punawale
388670,https://housing.com/in/buy/projects/page/272048-kalyan-skyway-9-by-kalyan-infra-projects-in-manchirevula
389184,https://housing.com/buy-eminence-96-by-arista-buildcon-in-thaltej-ahmedabad-pid-275770
389216,https://housing.com/buy-sunrise-aura-by-sureka-properties-in-rajpur-kolkata-pid-275734
389272,https://housing.com/in/buy/projects/page/276325-casagrand-aquene-by-casagrand-builder-private-limited-in-kengeri
389421,https://housing.com/in/buy/projects/page/288285-landcare-panorama-by-landcare-realty-llp-in-saki-naka
390295,https://housing.com/in/buy/projects/page/278625-paradigm-anantaara-by-paradigm-realty-in-borivali-west
390851,https://housing.com/in/buy/projects/page/278240-raghav-paradise-by-raghav-in-borivali-east
391272,https://housing.com/buy-majesticka-grande-by-sukra-property-developers-pvt-ltd-in-saibaba-colony-coimbatore-pid-279057
391738,https://housing.com/in/buy/projects/page/277556-sattva-aeropolis-by-sattva-group-in-boovanahalli
391740,https://housing.com/in/buy/projects/page/277445-sattva-aqua-vista-by-sattva-group-in-kalena-agrahara
391741,https://housing.com/in/buy/projects/page/277566-tvs-emerald-jardin-by-tvs-emerald-haven-realty-in-begur
391947,https://housing.com/buy-ananyas-aa-garden-by-ananya-shelters-private-limited-in-keeranatham-coimbatore-pid-277686
391991,https://housing.com/in/buy/projects/page/282555-theme-imperial-by-theme-ambience-infrastructures-in-attapur
392369,https://housing.com/in/buy/projects/page/277439-dsr-highland-greenz-by-dsr-infrastructure-pvt-ltd-in-chikkakannalli
393021,https://housing.com/in/buy/projects/page/278149-arboretum-gemini-aster-by-arboretum-foundations-pvt-ltd-in-polachery
393052,https://housing.com/in/buy/projects/page/328751-dsr-skymarq-by-dsr-builders-developers-in-puppalaguda
393562,https://housing.com/buy-polaris-casarica-by-polaris-buildcon-llp-in-sargasan-gandhinagar-gujarat-pid-281094
393708,https://housing.com/in/buy/projects/page/279638-the-islands-by-gaurs-by-gaurs-group-in-jaypee-greens
393900,https://housing.com/in/buy/projects/page/272587-elitas-by-eka-buildcon-llp-in-kothrud
394019,https://housing.com/in/buy/projects/page/294407-mohan-precious-greens-by-mohan-developers-in-ambernath-east
394292,https://housing.com/in/buy/projects/page/279586-ashwamedh-ratnaprabha-by-ashwamedh-spaces-pvt-ltd-in-kothrud
394631,https://housing.com/buy-altezza-by-the-palm-in-sargasan-gandhinagar-gujarat-pid-291950
394748,https://housing.com/in/buy/projects/page/279360-adish-aradhra-by-adish-properties-in-madivala
394877,https://housing.com/in/buy/projects/page/276780-goyal-my-homes-by-goyal-properties-in-wakad
394878,https://housing.com/in/buy/projects/page/285773-aaiji-crystal-by-aaiji-group-in-tingre-nagar
394931,https://housing.com/in/buy/projects/page/279147-raj-high-gardens-by-snn-raj-corp-in-electronic-city
395174,https://housing.com/in/buy/projects/page/279912-promax-dreamville-home-by-promax-properties-in-kothanur
395251,https://housing.com/buy-vishwanath-sarathya-west-by-vishwanath-builders-in-shela-ahmedabad-pid-260637
395412,https://housing.com/in/buy/projects/page/306612-ashiana-malhar-by-ashiana-housing-ltd-in-hinjawadi
395606,https://housing.com/in/buy/projects/page/280671-navins-starwood-towers-3-by-navins-housing-properties-in-medavakkam
395609,https://housing.com/buy-ambuja-urvisha-the-condoville-by-ambuja-neotia-in-new-town-kolkata-pid-275162
395716,https://housing.com/in/buy/projects/page/279311-fusion-the-brook-by-fusion-buildtech-pvt-ltd-in-noida-extension
395806,https://housing.com/in/buy/projects/page/286797-dac-prathyangira-by-dac-developers-in-sholinganallur
396053,https://housing.com/buy-vivaan-ixora-by-vivaan-group-in-zundal-gandhinagar-gujarat-pid-281468
396174,https://housing.com/buy-dharti-skyline-by-dharti-infracon-in-jagatpur-ahmedabad-pid-285032
396695,https://housing.com/in/buy/projects/page/337847-jrc-wild-woods-by-jrc-projects-pvt-ltd-in-gattahalli
396698,https://housing.com/in/buy/projects/page/283051-mars-planet-by-mars-builders-in-hosakerehalli
396796,https://housing.com/in/buy/projects/page/340662-pristine-ilife-dhanori-by-pristine-developers-in-dhanori
396799,https://housing.com/in/buy/projects/page/283108-keya-around-the-life-by-keya-homes-in-k-r-puram
396805,https://housing.com/in/buy/projects/page/310316-prestige-glenbrook-by-prestige-estates-projects-ltd-in-k-r-puram
396925,https://housing.com/in/buy/projects/page/283175-majestique-ornate-by-majestique-landmarks-in-baner
396980,https://housing.com/buy-atri-rays-by-atri-group-in-narendrapur-kolkata-pid-286641
397113,https://housing.com/buy-sanctorum-by-eden-group-and-isha-group-in-tangra-kolkata-pid-283097
397582,https://housing.com/in/buy/projects/page/284453-omsree-gallaxy-by-om-sree-builders-developers-in-kompally
397709,https://housing.com/in/buy/projects/page/284318-godrej-woodsville-by-godrej-properties-ltd-in-hinjawadi
397833,https://housing.com/in/buy/projects/page/283126-brigade-horizon-by-brigade-enterprises-ltd-in-kumbalgodu
397983,https://housing.com/in/buy/projects/page/284649-pavani-mirabilia-by-pavani-group-in-k-r-puram
398191,https://housing.com/in/buy/projects/page/286101-godrej-green-estate-by-godrej-properties-ltd-in-sector-34
398215,https://housing.com/in/buy/projects/page/284760-eipl-cornerstone-by-eipl-in-puppalaguda
398444,https://housing.com/in/buy/projects/page/285349-radiance-flourish-by-radiance-realty-developers-india-ltd-in-tiruvottiyur
398586,https://housing.com/in/buy/projects/page/288142-ceratec-presidential-towers-by-ceratec-group-in-ravet
398743,https://housing.com/in/buy/projects/page/292372-nahar-grandeur-by-nahar-foundations-pvt-ltd-in-sholinganallur
398757,https://housing.com/in/buy/projects/page/292301-trendsquares-ortus-3-by-trendsquare-constructions-in-amrutahalli
398803,https://housing.com/buy-symphony-by-swati-sandhya-procon-llp-in-bodakdev-ahmedabad-pid-285392
399073,https://housing.com/in/buy/projects/page/284680-sbr-minara-by-sbr-group-in-k-r-puram
399106,https://housing.com/in/buy/projects/page/292164-arihant-one-by-arihant-group-in-noida-extension
399112,https://housing.com/in/buy/projects/page/285809-radiance-majestic-by-radiance-realty-developers-india-ltd-in-valasaravakkam
399334,https://housing.com/in/buy/projects/page/287904-chheda-avighna-by-chheda-group-in-mira-road-east
399575,https://housing.com/in/buy/projects/page/286031-dgs-sheetal-mayra-by-dgs-group-in-virar-east
399608,https://housing.com/in/buy/projects/page/286710-dac-manapark-by-dac-developers-in-manapakkam
399694,https://housing.com/buy-vinayak-atlantis-by-vinayak-group-in-new-town-kolkata-pid-286885
399826,https://housing.com/buy-samanvay-the-amelias-by-samanvay-group-in-chatarpura-at-lalya-ka-bas-jaipur-rajasthan-pid-287118
399887,https://housing.com/buy-adani-ambrosia-by-adani-realty-in-shantigram-gandhinagar-gujarat-pid-289502
400347,https://housing.com/in/buy/projects/page/285388-saradeuz-olympus-the-royal-castle-by-saradeuz-infrastructures-private-limited-in-perumbakkam
400423,https://housing.com/buy-vaanya-by-ps-group-in-new-town-kolkata-pid-282904
400435,https://housing.com/in/buy/projects/page/256753-crc-joyous-by-crc-group-in-noida-extension
400436,https://housing.com/in/buy/projects/page/319660-ivory-county-gold-by-county-group-in-sector-115
400481,https://housing.com/in/buy/projects/page/292052-dac-medallion-by-dac-developers-in-medavakkam
400534,https://housing.com/in/buy/projects/page/290386-amolik-aster-woods-by-amolik-buildcon-llp-in-sector-98
400934,https://housing.com/in/buy/projects/page/287201-visions-arsha-by-vision-infra-developers-india-private-limited-in-osman-nagar
401138,https://housing.com/in/buy/projects/page/288619-roswalt-zaiden-by-roswalt-realty-in-jogeshwari-west
401530,https://housing.com/in/buy/projects/page/294446-raj-bay-vista-by-snn-properties-llp-in-bilekahalli
401542,https://housing.com/in/buy/projects/page/289521-casagrand-aria-by-casagrand-builder-private-limited-in-west-tambaram
401645,https://housing.com/buy-riviera-majestica-by-goyal-co-hn-safal-in-ghuma-ahmedabad-pid-291735
401648,https://housing.com/in/buy/projects/page/289746-keya-springs-by-keya-homes-in-arakere
401796,https://housing.com/in/buy/projects/page/290256-bramha-august-towers-by-bramhacorp-ltd-in-wadgaon-sheri
401902,https://housing.com/in/buy/projects/page/289214-bhagwati-elysia-ii-by-bhagwati-group-in-pushpak-nagar
402370,https://housing.com/in/buy/projects/page/290639-vasavi-crown-east-by-vasavi-group-in-gaddi-annaram
402421,https://housing.com/in/buy/projects/page/289995-mahidhara-harmony-by-mahidhara-in-bommasandra
402429,https://housing.com/in/buy/projects/page/287002-mathapathi-grand-field-by-mathapathi-constructions-pvt-ltd-in-gunjur
402612,https://housing.com/buy-kopren-park-view-by-shoolin-developers-in-ognaj-ahmedabad-pid-288003
402728,https://housing.com/in/buy/projects/page/292085-sublime-spring-elmas-by-sublime-realtech-private-limited-in-noida-extension
402881,https://housing.com/in/buy/projects/page/290359-snr-safa-by-snr-square-in-chikkadunnasandra
402904,https://housing.com/in/buy/projects/page/290407-godrej-athena-by-godrej-properties-ltd-in-indira-nagar
402982,https://housing.com/buy-ikebana-by-gala-group-in-bodakdev-ahmedabad-pid-291609
402990,https://housing.com/in/buy/projects/page/292915-shriram-pristine-estates-by-shriram-properties-in-doddaballapura
403083,https://housing.com/in/buy/projects/page/290802-prestige-elm-park-by-prestige-estates-projects-ltd-in-chansandra
403086,https://housing.com/in/buy/projects/page/291886-sattva-bliss-by-sattva-group-in-budigere-cross
403366,https://housing.com/in/buy/projects/page/294242-ds-max-samyak-by-dsmax-properties-private-limited-in-kengeri
403416,https://housing.com/in/buy/projects/page/292393-casagrand-primrose-by-casagrand-builder-private-limited-in-perungalathur
403482,https://housing.com/in/buy/projects/page/289452-kolte-patil-life-republic-aros-by-koltepatil-developers-in-hinjawadi
403616,https://housing.com/in/buy/projects/page/294253-ds-max-shresta-by-dsmax-properties-private-limited-in-kannuru
403699,https://housing.com/in/buy/projects/page/291466-godrej-five-gardens-by-godrej-properties-ltd-in-matunga-east
403847,https://housing.com/in/buy/projects/page/325738-adore-smart-city-by-adore-realtech-in-tajupur
403945,https://housing.com/in/buy/projects/page/317382-irish-platinum-by-irish-infrastructure-private-limited-in-sector-10
404559,https://housing.com/in/buy/projects/page/298759-casagrand-majestica-by-casagrand-builder-private-limited-in-manapakkam
404560,https://housing.com/in/buy/projects/page/297861-casagrand-elysium-by-casagrand-builder-private-limited-in-manapakkam
404561,https://housing.com/buy-etha-su-casa-valley-by-etha-realty-pvt-ltd-in-narendrapur-kolkata-pid-294777
404615,https://housing.com/in/buy/projects/page/310624-russel-lions-gate-by-russel-foundation-pvt-ltd-in-selaiyur
404653,https://housing.com/in/buy/projects/page/293721-yuva-sunrise-by-yuva-strucrures-private-limited-in-chandapura
404764,https://housing.com/buy-vivaan-essence-by-northside-properties-in-zundal-gandhinagar-gujarat-pid-294079
404811,https://housing.com/in/buy/projects/page/312307-apr-praveens-eterno-by-apr-group-in-patighanpur
404929,https://housing.com/in/buy/projects/page/292551-treesourus-by-chandak-group-in-malad-west
405003,https://housing.com/in/buy/projects/page/296835-radhey-skye-by-radhey-constructions-pvt-ltd-in-pati
405130,https://housing.com/in/buy/projects/page/284804-pranathi-kiara-by-pranathi-constructions-in-tellapur
405131,https://housing.com/in/buy/projects/page/296060-lodha-panache-by-lodha-group-in-hinjawadi
405172,https://housing.com/in/buy/projects/page/295248-jains-fairmount-sri-ram-garden-2-by-jain-constructions-in-kompally
405318,https://housing.com/in/buy/projects/page/294617-prestige-lavender-fields-by-prestige-estates-projects-ltd-in-varthur
405502,https://housing.com/in/buy/projects/page/304896-vvip-namah-by-vvip-in-mahurali
405663,https://housing.com/in/buy/projects/page/288563-satyam-altura-by-satyam-lifescapes-llp-in-sanpada
405789,https://housing.com/in/buy/projects/page/295114-pacific-one-pyramid-by-pacific-properties-in-airoli
405940,https://housing.com/buy-shlok-abhilasha-by-shlok-realtors-in-gota-ahmedabad-pid-295635
406108,https://housing.com/in/buy/projects/page/274836-lodha-aura-by-lodha-group-in-sion
406621,https://housing.com/in/buy/projects/page/297873-casagrand-zaiden-by-casagrand-builder-private-limited-in-nagegowdanapalya
406639,https://housing.com/in/buy/projects/page/298142-oblong-vega-4-by-oblong-realties-pvt-ltd-in-mogappair-east
406866,https://housing.com/in/buy/projects/page/300199-5-dugar-by-dugar-homes-in-nungambakkam
406892,https://housing.com/in/buy/projects/page/300601-nirala-trio-by-nirala-world-in-noida-extension
406898,https://housing.com/buy-highline-by-ag-group-in-gota-ahmedabad-pid-294332
407065,https://housing.com/in/buy/projects/page/296879-casagrand-aspires-by-casagrand-builder-private-limited-in-navalur
407338,https://housing.com/in/buy/projects/page/299072-levonor-egeira-by-levonor-lifespaces-in-nagulapalli
407744,https://housing.com/in/buy/projects/page/294614-blubelle-by-puravankara-limited-in-rajajinagar
407935,https://housing.com/in/buy/projects/page/299141-sowparnika-life-on-the-green-by-sowparnika-projects-infrastructure-private-limited-in-bidaraguppe
407956,https://housing.com/in/buy/projects/page/297347-aakasa-by-techno-property-developers-private-limited-in-worli
408305,https://housing.com/in/buy/projects/page/301940-address-one-by-ram-india-group-in-bibwewadi
408676,https://housing.com/buy-vivaan-oliver-by-vivaan-group-in-zundal-gandhinagar-gujarat-pid-295397
409008,https://housing.com/in/buy/projects/page/296292-sobha-neopolis-by-sobha-limited-in-balagere
409011,https://housing.com/in/buy/projects/page/297987-the-rivulet-phase-1-by-fusion-buildtech-pvt-ltd-in-noida-extension
409166,https://housing.com/in/buy/projects/page/297787-dream-elegance-by-dream-works-realtors-in-balewadi
409476,https://housing.com/in/buy/projects/page/298725-casagrand-hanford-by-casagrand-builder-private-limited-in-shamshabad
409515,https://housing.com/in/buy/projects/page/277347-sameera-iris-by-sameera-groups-in-kundrathur
409549,https://housing.com/buy-protech-pride-by-protech-group-in-satgaon-guwahati-pid-334543
409651,https://housing.com/buy-oro-constella-by-oro-real-infra-llp-in-sultanpur-road-lucknow-pid-292525
409753,https://housing.com/in/buy/projects/page/303901-godrej-tropical-isle-by-godrej-properties-ltd-in-sector-146
409859,https://housing.com/in/buy/projects/page/291020-the-nest-art-by-the-nest-builder-in-ottiyambakkam
409873,https://housing.com/buy-radiance-regalia-by-radiance-realty-developers-india-ltd-in-veerakeralam-coimbatore-pid-299628
410064,https://housing.com/buy-vivaan-aura-by-vivaan-group-in-zundal-gandhinagar-gujarat-pid-299132
410244,https://housing.com/in/buy/projects/page/298560-sapthagiri-sandalwoods-by-sapthagiri-shelters-in-whitefield
410304,https://housing.com/buy-super-shaligram-by-super-shaligram-llp-in-gota-ahmedabad-pid-300336
410443,https://housing.com/buy-kavisha-aer-by-kavisha-atria-llp-in-shela-ahmedabad-pid-300255
410449,https://housing.com/in/buy/projects/page/300312-prestige-park-grove-by-prestige-estates-projects-ltd-in-whitefield
410494,https://housing.com/in/buy/projects/page/298922-esteem-south-park-by-esteem-group-in-gottigere
410501,https://housing.com/in/buy/projects/page/299719-gp-homes-valencia-ruby-by-gp-homes-in-kil-ayanambakkam
410569,https://housing.com/buy-gracewood-elegance-by-shree-balaji-builders-in-bill-vadodara-pid-312593
410631,https://housing.com/in/buy/projects/page/300535-m3m-the-cullinan-by-m3m-india-pvt-ltd-in-sector-94
410658,https://housing.com/buy-sacred-shivansh-by-sacred-nine-realty-in-shela-ahmedabad-pid-300468
410741,https://housing.com/in/buy/projects/page/300489-sattva-lake-ridge-by-sattva-group-in-khanapur
411449,https://housing.com/in/buy/projects/page/300927-la-vivant-by-atco-projects-in-sarjapur
411514,https://housing.com/in/buy/projects/page/301286-bachraj-legend-by-bachraj-developers-in-virar-west
411643,https://housing.com/buy-vivaan-solitaire-by-vivaan-group-in-zundal-gandhinagar-gujarat-pid-301619
411745,https://housing.com/in/buy/projects/page/301811-anuhar-gautami-heights-by-anuhar-homes-pvt-ltd-in-miyapur
411844,https://housing.com/buy-unique-luxuria-by-unique-infraspace-pvt-ltd-in-gota-ahmedabad-pid-300912
411905,https://housing.com/buy-polaris-calice-by-polaris-buildcon-llp-in-randesan-gandhinagar-gujarat-pid-300476
411947,https://housing.com/buy-kamaxi-avenue-by-kamaxi-group-in-ankhol-vadodara-pid-301584
412358,https://housing.com/in/buy/projects/page/302504-kohinoor-famville-by-kohinoor-group-in-maan
412360,https://housing.com/in/buy/projects/page/302051-anp-autograph-by-anp-corp-in-punawale
412508,https://housing.com/buy-swati-premier-by-swatisandhya-procon-llp-in-sarkhej-okaf-ahmedabad-pid-303268
412517,https://housing.com/buy-vivaan-orbit-by-vivaan-group-in-zundal-gandhinagar-gujarat-pid-303018
412546,https://housing.com/in/buy/projects/page/35502-dlf-privana-by-dlf-in-sector-77
412548,https://housing.com/in/buy/projects/page/303284-ruby-horizon-by-ruby-builders-and-promoters-in-tambaram
413358,https://housing.com/in/buy/projects/page/301554-urbanrise-the-world-of-joy-by-urbanrise-in-miyapur
413380,https://housing.com/in/buy/projects/page/329823-birla-trimaya-by-birla-estate-in-yerthiganahalli
413381,https://housing.com/in/buy/projects/page/300692-dnr-parklink-by-dnr-corporation-pvt-ltd-in-chikkagubbi-village
413382,https://housing.com/in/buy/projects/page/289533-shriram-solitaire-by-shriram-properties-limited-in-yelahanka-new-town
413590,https://housing.com/in/buy/projects/page/302857-godrej-emerald-waters-by-godrej-properties-ltd-in-pimpri
413980,https://housing.com/in/buy/projects/page/304874-sri-balaji-serene-by-sri-balaji-structures-in-yelahanka
413990,https://housing.com/in/buy/projects/page/326244-rohan-ekam-phase-1-by-rohan-builders-and-developers-private-limited-in-balewadi
414339,https://housing.com/in/buy/projects/page/319871-experion-elements-by-experion-developers-in-sector-45
414367,https://housing.com/in/buy/projects/page/333708-adarsh-welkin-park-by-adarsh-developers-in-gattahalli
414403,https://housing.com/buy-aarohi-avinya-by-siddhi-infralink-in-ramdev-nagar-ahmedabad-pid-306187
414839,https://housing.com/buy-patteeswarar-paradise-magizham-by-patteeswara-developers-india-pvt-ltd-in-singanallur-coimbatore-pid-306348
415113,https://housing.com/in/buy/projects/page/306549-golfland-at-vanaha-by-shapoorji-pallonji-real-estate-in-bavdhan
415216,https://housing.com/in/buy/projects/page/317395-sampada-central-residency-by-sampada-projects-in-ibrahimpatnam
415396,https://housing.com/in/buy/projects/page/307027-raheja-exotica-cyprus-by-raheja-universal-in-malad-east
415650,https://housing.com/in/buy/projects/page/320497-eldeco-la-vida-bella-by-eldeco-in-noida-extension
415717,https://housing.com/in/buy/projects/page/306908-bhoo-aabharana-by-bhoo-developers-in-essel-gardens
415825,https://housing.com/buy-the-varanda-by-purti-npr-developers-llp-in-lake-town-kolkata-pid-285021
415896,https://housing.com/buy-emerald-gardenia-by-agarwal-realinfra-llp-in-mayakhedi-indore-pid-306361
415958,https://housing.com/in/buy/projects/page/307275-jrc-sanzio-by-jrc-projects-pvt-ltd-in-sarjapur
416159,https://housing.com/in/buy/projects/page/309029-lodha-mirabelle-by-lodha-group-in-sinthan-nagar
416283,https://housing.com/in/buy/projects/page/307581-bharat-altavistas-by-bharat-infrastructure-engineering-in-andheri-west
416461,https://housing.com/in/buy/projects/page/309888-shubh-tristar-wing-a-by-shubh-in-mundhwa
416670,https://housing.com/in/buy/projects/page/308161-casagrand-flamingo-by-casagrand-builder-private-limited-in-hsr-layout
416684,https://housing.com/in/buy/projects/page/299725-anugraha-sr-serenity-by-anugraha-properties-in-tharabally
417011,https://housing.com/in/buy/projects/page/314539-neelkanth-palm-president-by-neelkanth-infratech-in-ghansoli
417023,https://housing.com/in/buy/projects/page/308367-rohan-harita-phase-1-by-rohan-builders-and-developers-private-limited-in-tathawade
417100,https://housing.com/in/buy/projects/page/309558-lodha-riservo-by-lodha-group-in-vikhroli-east
417556,https://housing.com/buy-the-sovereign-by-ashima-group-in-hebatpur-ahmedabad-pid-310273
417559,https://housing.com/buy-adani-embrace-by-adani-realty-in-shantigram-ahmedabad-pid-309908
417864,https://housing.com/in/buy/projects/page/295038-vihang-luxuria-by-vihang-group-in-mira-road-east
417888,https://housing.com/buy-posh-ville-by-saamarth-group-in-raysan-gandhinagar-gujarat-pid-317143
418319,https://housing.com/in/buy/projects/page/309884-brigade-sanctuary-by-brigade-enterprises-ltd-in-hegondanahalli
418615,https://housing.com/in/buy/projects/page/310525-edmont-aurelia-by-ashwin-sheth-group-in-kandivali-west
418623,https://housing.com/in/buy/projects/page/310026-kanakia-beverly-heights-by-kanakia-space-pvt-ltd-in-bhayandar-east
418697,https://housing.com/in/buy/projects/page/309924-provident-deansgate-by-provident-housing-limited-in-yelahanka
418840,https://housing.com/in/buy/projects/page/310415-5-racecourse-by-skyi-phase-i-by-skyi-property-ventures-llp-in-wanowrie
418866,https://housing.com/in/buy/projects/page/309458-hill-crest-oaks-by-hill-view-developers-in-andheri-east
418966,https://housing.com/in/buy/projects/page/310032-nsl-luxoria-by-nsl-sez-private-limited-in-uppal
419028,https://housing.com/in/buy/projects/page/283003-goldenkey-meraki-by-goldenkey-ventures-private-limited-in-ameenpur
419031,https://housing.com/buy-kavisha-the-portrait-by-kavisha-atria-llp-in-shela-ahmedabad-pid-313117
419421,https://housing.com/in/buy/projects/page/311318-provident-purva-soukhyam-phase-c-by-provident-cedar-pvt-ltd-in-guduvancheri
419500,https://housing.com/in/buy/projects/page/311316-orchid-salisbury-by-goyal-co-hariyana-group-in-agrahara-layout
419821,https://housing.com/buy-aadhya-arambh-by-balatripura-developer-in-chanakyapuri-ahmedabad-pid-312799
419935,https://housing.com/in/buy/projects/page/325235-hiranandani-vista-residences-by-hiranandani-communities-in-jogeshwari-west
419984,https://housing.com/in/buy/projects/page/311985-eastwood-supreme-towers-phase-i-by-eastwood-in-mundhwa
420047,https://housing.com/buy-devaloke-sonar-city-phase-i-by-devaloke-builders-in-narendrapur-kolkata-pid-48003
420281,https://housing.com/in/buy/projects/page/269685-kakkad-bella-casa-by-kakkad-developers-in-ambegaon-budruk
420301,https://housing.com/in/buy/projects/page/312933-tarc-kailasaa-by-tarc-limited-in-kirti-nagar
420326,https://housing.com/in/buy/projects/page/311866-rajapushpa-casa-luxuria-by-rajapushpa-properties-pvt-ltd-in-khanapur
420338,https://housing.com/buy-capital-royal-casa-by-doon-buildcon-pvt-ltd-in-gms-road-dehradun-pid-327788
420343,https://housing.com/in/buy/projects/page/312393-concorde-antares-by-concorde-housing-corporation-pvt-ltd-in-vidyaranyapura
420469,https://housing.com/in/buy/projects/page/311263-sri-nandana-galaxy-by-sri-nandana-builders-in-chambenahalli
420665,https://housing.com/in/buy/projects/page/312330-grand-la-palazzo-by-tbc-homes-infra-corp-in-bommasandra
420851,https://housing.com/in/buy/projects/page/312854-suraj-lumina-by-suraj-estate-developers-ltd-in-mahim
421123,https://housing.com/in/buy/projects/page/312996-sri-garudadri-gardens-by-sri-garudadri-constructions-in-rr-nagar
421126,https://housing.com/in/buy/projects/page/319848-ruby-arcadia-by-ruby-builders-and-promoters-in-selaiyur
421330,https://housing.com/buy-anamika-high-point-by-constera-realty-in-bodakdev-ahmedabad-pid-314731
421404,https://housing.com/in/buy/projects/page/311700-sg-vista-by-sg-estates-in-raj-nagar-extension
421530,https://housing.com/in/buy/projects/page/312322-ds-max-sista-grand-by-dsmax-properties-private-limited-in-nagarur-colony
421768,https://housing.com/in/buy/projects/page/312325-goyal-orchid-life-by-goyal-co-hariyana-group-in-gunjur-palya
421806,https://housing.com/in/buy/projects/page/314883-mantra-magnus-by-mantra-properties-in-mundhwa
421898,https://housing.com/in/buy/projects/page/314106-falcon-by-bhavisha-homes-in-sarjapur
422115,https://housing.com/in/buy/projects/page/312688-vaibhavi-vihaan-shikhara-by-vaibhavi-infraa-projects-in-tellapur
422149,https://housing.com/in/buy/projects/page/314438-snn-estates-felicity-by-snn-estates-in-jakkur
422150,https://housing.com/in/buy/projects/page/335059-godrej-woodscapes-by-godrej-properties-ltd-in-budigere-cross
422453,https://housing.com/in/buy/projects/page/315009-assetz-66-shibui-by-assetz-property-group-in-whitefield
422558,https://housing.com/in/buy/projects/page/315509-godrej-reserve-by-godrej-properties-ltd-in-kandivali-east
422868,https://housing.com/in/buy/projects/page/316282-ds-max-sky-samurai-by-dsmax-properties-private-limited-in-kacharakanahallibisnahalli
422910,https://housing.com/in/buy/projects/page/315460-casagrand-medora-by-casagrand-builder-private-limited-in-korattur
422935,https://housing.com/in/buy/projects/page/316797-ssvr-niyaara-by-ssvr-builders-in-varthur
422985,https://housing.com/buy-serenity-shivam-by-shivam-buildcon-in-south-bopal-ahmedabad-pid-316634
422989,https://housing.com/in/buy/projects/page/315035-melodies-of-life-by-assetz-property-group-in-halanayakanahalli
423085,https://housing.com/in/buy/projects/page/310517-raheja-solaris-3-by-raheja-universal-in-juinagar
423182,https://housing.com/in/buy/projects/page/324350-logipark-pristine-o2-world-by-logipark-warehousing-llp-in-wagholi
423193,https://housing.com/in/buy/projects/page/314818-luxora-crystal-antara-by-luxura-infrastructure-private-limited-in-thane-west
423236,https://housing.com/in/buy/projects/page/314945-prestige-somerville-by-prestige-estates-projects-ltd-in-whitefield
423306,https://housing.com/in/buy/projects/page/324776-kochar-gagan-by-kochar-homes-pvt-ltd-in-vanagaram
423376,https://housing.com/in/buy/projects/page/316458-casagrand-mercury-by-casagrand-builder-private-limited-in-perambur
423585,https://housing.com/in/buy/projects/page/316840-casagrand-suncity-by-casagrand-builder-private-limited-in-kelambakkam
423851,https://housing.com/in/buy/projects/page/318556-ramsons-east-park-residences-by-ramsons-trendsquares-realty-llp-in-varthur
423882,https://housing.com/buy-ganesh-malabar-retreat-by-ganesh-housing-corporation-limited-in-near-nirma-university-on-sg-highway-ahmedabad-pid-319286
424010,https://housing.com/in/buy/projects/page/316871-elite-x-by-elite-group-in-noida-extension
424098,https://housing.com/in/buy/projects/page/318035-engrace-vista-by-modern-spaaces-in-chikkadunnasandra
424173,https://housing.com/in/buy/projects/page/317633-sora-saki-by-assetz-property-group-in-gummanahalli
424323,https://housing.com/in/buy/projects/page/317432-adani-codename-triumph-tower-1-by-adani-realty-in-kanjurmarg-west
424417,https://housing.com/in/buy/projects/page/317590-vajram-newtown-ii-by-vajram-group-in-chokkanahalli
424433,https://housing.com/in/buy/projects/page/313031-provident-botanico-by-provident-housing-limited-in-thirumalashettyhally
424563,https://housing.com/in/buy/projects/page/318774-mana-skandas-the-right-life-by-neobuild-ventures-llp-in-kachamaranahalli
424721,https://housing.com/in/buy/projects/page/316366-kiwale-navyam-by-kiwale-realty-llp-in-ravet/amenities
425033,https://housing.com/in/buy/projects/page/319576-ace-terra-by-ace-group-in-yeida
425268,https://housing.com/in/buy/projects/page/319974-godrej-jardinia-by-godrej-properties-limited-in-sector-145
425392,https://housing.com/buy-realmark-amora-by-realmark-realty-pvt-ltd-in-tollygunge-kolkata-pid-319178
425506,https://housing.com/in/buy/projects/page/317933-casagrand-amor-by-casagrand-builder-private-limited-in-begur
425507,https://housing.com/in/buy/projects/page/318854-ds-max-sky-blossom-by-dsmax-properties-private-limited-in-begur
425871,https://housing.com/in/buy/projects/page/319298-the-baya-sunrise-by-the-baya-company-in-dadar-east
425958,https://housing.com/in/buy/projects/page/319335-krisala-41-luxovert-by-krisala-developers-in-tathawade
425959,https://housing.com/in/buy/projects/page/319344-astrana-by-holystico-group-in-hadapsar
426003,https://housing.com/in/buy/projects/page/331029-kesineni-northscape-by-kesineni-developers-in-dundigal
426079,https://housing.com/in/buy/projects/page/317525-darshan-promesa-fremont-by-darshan-group-in-chinchpokli
426127,https://housing.com/buy-sobha-elysia-by-sobha-limited-in-gujarat-international-finance-tec-city-gandhinagar-gujarat-pid-319275
426150,https://housing.com/in/buy/projects/page/319882-vaswani-starlight-by-vaswani-group-in-whitefield
426159,https://housing.com/in/buy/projects/page/319921-nimbus-the-palm-village-by-nimbus-realty-in-jewar
426335,https://housing.com/in/buy/projects/page/319734-paradise-sai-platinum-by-paradise-group-in-kharghar
426518,https://housing.com/in/buy/projects/page/319040-dsr-the-courtyard-by-dsr-infrastructure-pvt-ltd-in-gunjur
426539,https://housing.com/buy-the-regal-by-artham-ventures-in-vaishno-devi-circle-ahmedabad-pid-320334
426628,https://housing.com/in/buy/projects/page/319203-promise-of-spring-by-assetz-property-group-in-devanahalli
426710,https://housing.com/in/buy/projects/page/321039-isha-hilife-by-isha-group-in-thirumalashettyhally
426777,https://housing.com/in/buy/projects/page/320182-trifecta-vanto-phase-1-by-trifecta-projects-pvt-ltd-in-kodathi
426778,https://housing.com/in/buy/projects/page/320893-tricity-aura-by-tricity-reality-llp-in-kalamboli
426786,https://housing.com/in/buy/projects/page/321042-casagrand-casablanca-by-casagrand-builder-private-limited-in-badamanavarathekaval
426815,https://housing.com/in/buy/projects/page/325746-pavitra-luxury-residences-by-pavitra-homes-in-nabha
426888,https://housing.com/in/buy/projects/page/319857-united-sai-silicon-heights-by-united-developer-in-whitefield
426925,https://housing.com/in/buy/projects/page/320100-rrl-palacio-by-rrl-builders-and-developers-pvt-ltd-in-sarjapur
426926,https://housing.com/in/buy/projects/page/320127-casagrand-vivacity-by-casagrand-builder-private-limited-in-electronic-city
426929,https://housing.com/in/buy/projects/page/320204-green-edge-signature-by-green-edge-ventures-in-varthur
427026,https://housing.com/in/buy/projects/page/318935-axis-oaklyn-by-axis-concept-construction-ltd-in-yelahanka
427038,https://housing.com/in/buy/projects/page/320695-casagrand-hola-chennai-by-casagrand-builder-private-limited-in-sholinganallur
427043,https://housing.com/in/buy/projects/page/319806-casagrand-french-town-by-casagrand-builder-private-limited-in-medavakkam
427272,https://housing.com/in/buy/projects/page/322054-sanjeevini-aarna-by-sanjeevini-group-in-hoskote
427295,https://housing.com/in/buy/projects/page/334625-mp-kumudham-enclave-by-mp-developers-in-kundrathur
427386,https://housing.com/buy-saamarth-twinland-by-saamarth-group-in-koba-gandhinagar-gujarat-pid-324160
427388,https://housing.com/buy-privue-jashn-elevate-phase-1-by-jashn-realty-in-sultanpur-road-lucknow-pid-322166
427454,https://housing.com/buy-sjrs-infracity-by-sjrs-infracity-private-limited-in-rajatalab-varanasi-uttar-pradesh-pid-316879
427484,https://housing.com/in/buy/projects/page/320212-parth-kiona-by-edenic-enterprises-pvt-ltd-in-hinjawadi
427769,https://housing.com/in/buy/projects/page/321069-sattva-green-groves-by-sattva-group-in-nelamangala
427851,https://housing.com/in/buy/projects/page/322210-vaishno-serene-by-vaishno-ventures-in-k-r-puram
427907,https://housing.com/in/buy/projects/page/322177-brigade-insignia-by-brigade-enterprises-ltd-in-yelahanka
427979,https://housing.com/in/buy/projects/page/321067-concorde-mayfair-by-concorde-housing-corporation-pvt-ltd-in-nehru-nagar?gad_source=1&gclid=Cj0KCQjwna6_BhCbARIsALId2Z2TlsqowhScB-McQSDp7swB9_0ptYE6hbKYpnjXvk9HyI_lrucTi_UaAkiWEALw_wcB
428040,https://housing.com/in/buy/projects/page/321675-myhna-orchid-by-myhna-properties-pvt-ltd-in-gunjur-village
428221,https://housing.com/in/buy/projects/page/323295-kabra-embraze-redevelopment-of-shree-sahawas-chsl-by-kabra-group-in-ghatkopar-east
428235,https://housing.com/in/buy/projects/page/323125-kohinoor-central-park-phase-1-by-kohinoor-group-in-maan
428365,https://housing.com/in/buy/projects/page/321935-gami-satyam-palacio-by-satyam-ventures-private-limited-in-kharghar
428567,https://housing.com/buy-polaris-callisto-by-polaris-buildcon-llp-in-koteshwar-ahmedabad-pid-321763
428573,https://housing.com/buy-ekarth-sarvam-by-ekarth-group-in-koba-gandhinagar-gujarat-pid-325273
428601,https://housing.com/in/buy/projects/page/324794-kochar-jewel-by-kochar-homes-pvt-ltd-in-velachery
428685,https://housing.com/in/buy/projects/page/329097-mp-golden-heights-by-mp-developers-in-kovur
428703,https://housing.com/in/buy/projects/page/329346-ruby-courtyard-by-ruby-builders-and-promoters-in-padappai
428716,https://housing.com/in/buy/projects/page/310853-shriram-122-west-by-shriram-properties-in-mangadu
428719,https://housing.com/in/buy/projects/page/322004-century-regalia-project-1-by-century-real-estate-holdings-in-kodihalli
428931,https://housing.com/in/buy/projects/page/322212-saranya-swarovski-by-saranya-properties-pvt-ltd-in-whitefield
429180,https://housing.com/in/buy/projects/page/320236-bhagwati-celestria-by-bhagwati-group-in-airoli
429182,https://housing.com/in/buy/projects/page/325271-kalpana-the-olympia-by-kalpana-struct-con-in-new-panvel-east
429184,https://housing.com/in/buy/projects/page/321041-nava-vajra-by-nava-jyothi-developers-in-horamavu
429275,https://housing.com/in/buy/projects/page/326569-casagrand-estilo-by-casagrand-builder-private-limited-in-pallavaram
429358,https://housing.com/in/buy/projects/page/332136-spr-sky-tower-by-spr-india-in-perambur
429365,https://housing.com/buy-vindhya-primrose-by-vindhya-realty-in-narendrapur-kolkata-pid-299365
429459,https://housing.com/in/buy/projects/page/325938-kolte-patil-springshire-by-koltepatil-developers-in-upper-kharadi
429477,https://housing.com/buy-vishnu-priya-by-moonraker-construction-pvt-ltd-in-tollygunge-kolkata-pid-320265
429486,https://housing.com/in/buy/projects/page/321522-claremont-by-origin-corp-in-goregaon-east
429659,https://housing.com/buy-purvanchal-royal-atlantis-phase-1-by-purvanchal-projects-pvt-ltd-in-sultanpur-road-lucknow-pid-326912
429967,https://housing.com/in/buy/projects/page/322394-dosti-west-county-phase-7-dosti-willow-by-dosti-realty-in-thane-west
429968,https://housing.com/in/buy/projects/page/325971-tvs-isle-of-trees-by-tvs-emerald-haven-realty-in-jakkur
430075,https://housing.com/in/buy/projects/page/327973-prestige-raintree-park-by-prestige-estates-projects-ltd-in-whitefield
430082,https://housing.com/in/buy/projects/page/327216-euphoria-in-the-east-by-sowparnika-projects-infrastructure-private-limited-in-whitefield
430204,https://housing.com/in/buy/projects/page/327182-casagrand-avenue-park-by-casagrand-builder-private-limited-in-perungudi
430209,https://housing.com/in/buy/projects/page/315151-casagrand-laurels-by-casagrand-builder-private-limited-in-navalur
430213,https://housing.com/in/buy/projects/page/327552-sattva-springs-by-sattva-group-in-badamanavarathekaval
430219,https://housing.com/in/buy/projects/page/327744-eros-sampoornam-3-by-ajay-enterprises-pvt-ltd-in-noida-extension
430231,https://housing.com/in/buy/projects/page/327512-godrej-nurture-by-godrej-properties-ltd-in-bhandup-west
430241,https://housing.com/in/buy/projects/page/327971-sumadhura-epitome-by-sumadhura-infracon-pvt-ltd-in-thanisandra
430246,https://housing.com/in/buy/projects/page/287448-avianna-invicta-by-avianna-infra-llp-in-ulwe
430372,https://housing.com/in/buy/projects/page/327523-godrej-river-crest-by-godrej-properties-ltd-in-kharadi
430588,https://housing.com/in/buy/projects/page/326906-crc-maesta-by-crc-group-in-noida-extension
430664,https://housing.com/in/buy/projects/page/327485-pranami-bliss-by-pranami-neev-realty-limited-in-andheri-west
430890,https://housing.com/in/buy/projects/page/326852-magnus-evoq-by-malhar-associates-pune-in-kiwale
430897,https://housing.com/in/buy/projects/page/328245-satra-nexus-by-satra-corp-in-jogeshwari-east
430928,https://housing.com/in/buy/projects/page/315118-zodiac-anjaneshwar-by-zodiac-ventures-in-andheri-east
430976,https://housing.com/in/buy/projects/page/321655-rewild-doddaballapura-by-rewild-retreats-llp-in-dargajogihalli
430987,https://housing.com/in/buy/projects/page/327103-canvas-by-life-republic-by-koltepatil-developers-in-hinjawadi
430996,https://housing.com/in/buy/projects/page/329603-pride-euphora-by-pride-group-in-k-r-puram
431064,https://housing.com/in/buy/projects/page/329343-forest-hills-ph-1-at-the-prestige-city-by-prestige-estates-projects-ltd-in-mulund-west
431532,https://housing.com/in/buy/projects/page/328657-kalpataru-advay-by-kalpataru-group-in-borivali-west
431965,https://www.squareyards.com/ghaziabad-residential-property/gaur-nyc-residences/308175/project
432133,https://housing.com/buy-emerald-kingsvilla-by-agarwal-realinfra-llp-in-pipliyahana-indore-pid-328556
432470,https://housing.com/in/buy/projects/page/330123-mahagun-my-laagoon-phase-1-by-mahagun-group-in-noida-extension
432489,https://housing.com/in/buy/projects/page/314943-sri-sai-nandana-royal-by-sri-nandana-builders-in-electronic-city
432506,https://housing.com/in/buy/projects/page/334751-nambiar-district-25-phase-1-by-nambiar-enterprises-llp-in-dommasandra
432510,https://housing.com/in/buy/projects/page/313106-birla-ojasvi-by-birla-estate-in-rr-nagar
432522,https://housing.com/in/buy/projects/page/329608-sattva-songbird-by-sattva-group-in-aavalahalli
432543,https://housing.com/in/buy/projects/page/329613-sattva-lumina-by-sattva-group-in-rajanukunte
432547,https://housing.com/in/buy/projects/page/331176-dsr-the-address-by-dsr-infrastructure-pvt-ltd-in-sarjapur
432566,https://housing.com/in/buy/projects/page/329380-ds-max-sky-sanman-by-dsmax-properties-private-limited-in-sbingipura
433250,https://housing.com/in/buy/projects/page/330429-rohan-saroha-by-rohan-builders-and-developers-private-limited-in-bhugaon
433575,https://housing.com/in/buy/projects/page/45127-amarprakash-royal-castle-by-amarprakash-developers-pvt-ltd-in-thirumudivakkam
433611,https://housing.com/in/buy/projects/page/329821-nivas-renox-thrive-by-nivas-promoters-private-limited-in-noida-extension
433630,https://housing.com/in/buy/projects/page/328520-arihant-avanti-by-arihant-superstructures-limited-in-shilgaon
433641,https://housing.com/in/buy/projects/page/330111-wave-eden-by-uppal-chadha-hitech-developers-in-wave-city?gad_source=1&gclid=CjwKCAjw47i_BhBTEiwAaJfPpqV4tl6LeFRfzrrLztWyjASDpLD0ObosM9lF1jj6OQpnIA9mM7ibNRoCKGgQAvD_BwE
433734,https://housing.com/in/buy/projects/page/332507-sai-purvi-arvindam-by-sai-purvi-infrastructures-in-varthur
433742,https://housing.com/in/buy/projects/page/331406-godrej-lakeside-orchard-by-godrej-properties-ltd-in-chikkakannalli
433805,https://housing.com/in/buy/projects/page/335538-ds-max-sky-sisira-by-dsmax-properties-private-limited-in-kasuvanahalli
433855,https://housing.com/in/buy/projects/page/331939-ace-hanei-by-la-buildtech-private-limited-in-noida-extension
433863,https://housing.com/in/buy/projects/page/334949-kamdhenu-crown-by-kamdhenu-devkrupa-realtors-llp-in-vashi
434518,https://housing.com/in/buy/projects/page/309622-artemis-address-in-association-with-mythreyi-by-indiabuild-realty-pvt-ltd-in-nelamangala
434519,https://housing.com/in/buy/projects/page/328426-the-legacey-by-ananda-homes-by-ananda-homes-in-puppalaguda
434528,https://housing.com/in/buy/projects/page/317883-rohaan-ashoka-by-rohaan-constructions-pvt-ltd-in-medavakkam
434535,https://housing.com/in/buy/projects/page/332241-concorde-neo-by-concorde-housing-corporation-pvt-ltd-in-agrahara-layout
434549,https://housing.com/in/buy/projects/page/337961-lorven-cascade-garden-by-lorven-ventures-in-nagondanahalli
434568,https://housing.com/in/buy/projects/page/334750-brigade-citrine-by-brigade-enterprises-ltd-in-budigere-cross
434570,https://housing.com/in/buy/projects/page/332689-shirasa-sattva-bhumi-by-shirasa-construction-private-limited-in-devanahalli
434593,https://housing.com/buy-anandi-view-by-rechi-construction-private-limited-in-rajarhat-kolkata-pid-330831
434608,https://housing.com/in/buy/projects/page/332463-eldeco-fairway-reserve-by-eldeco-infrastructure-properties-limited-in-sector-80
434959,https://housing.com/in/buy/projects/page/326450-millennium-samriddhi-by-millennium-developers-in-punawale
435520,https://housing.com/in/buy/projects/page/333777-satyam-stella-by-satyam-superstructures-private-limited-in-kopar-khairane
435636,https://housing.com/in/buy/projects/page/335239-adarsh-lumina-by-adarsh-developers-in-kasavanahalli
435892,https://housing.com/in/buy/projects/page/334721-vertex-florenza-by-vertex-west-kedar-homes-lip-in-mankhal
435926,https://housing.com/buy-godrej-blue-by-godrej-properties-ltd-in-tollygunge-kolkata-pid-326062
436183,https://housing.com/in/buy/projects/page/336392-godrej-evergreen-square-by-godrej-properties-ltd-in-mulshi
436841,https://housing.com/in/buy/projects/page/332726-navanaami-courtyard-of-life-by-navanaami-developers-in-bendiganahalli
437068,https://housing.com/in/buy/projects/page/337013-dream-meadows-by-dream-developers-kharghar-in-kharghar
437293,https://housing.com/in/buy/projects/page/340932-urbanest-eastfield-by-urbanest-realty-bangalore-in-yelachanayakanapura
437900,https://housing.com/in/buy/projects/page/335634-ev-23-malibu-west-by-ev-homes-constructions-pvt-ltd-in-kopar-khairane
437982,https://housing.com/in/buy/projects/page/337479-apex-nova-10-elegance-phase-1-by-apex-realty-in-kharghar
213249,https://housing.com/in/buy/projects/page/33467-godrej-101-by-godrej-properties-ltd-in-sector-79
1239,https://housing.com/in/buy/projects/page/44580-bptp-parklands-pride-by-bptp-limited-in-sector-77
428412,https://housing.com/in/buy/projects/page/321322-signature-global-titanium-spr-by-signature-global-builders-pvt-ltd-in-sector-71
405181,https://housing.com/in/buy/projects/page/296234-m3m-golf-hills-by-m3m-india-pvt-ltd-in-sector-79
391580,https://housing.com/in/buy/projects/page/275695-dlf-the-grove-by-dlf-real-estate-builders-limited-in-dlf-phase-5
15378,https://housing.com/in/buy/projects/page/3038-solitairian-city-by-dev-sai-group-in-yeida
306651,https://housing.com/in/buy/projects/page/96504-godrej-meridien-by-godrej-properties-ltd-in-sector-106
433863,https://housing.com/in/buy/projects/page/334949-kamdhenu-crown-by-kamdhenu-devkrupa-realtors-llp-in-vashi
403847,https://housing.com/in/buy/projects/page/325738-adore-smart-city-by-adore-realtech-in-tajupur
430191,https://housing.com/in/buy/projects/page/329111-adani-lushlands-by-adani-realty-in-gwal-pahari
318679,https://housing.com/in/buy/projects/page/95699-hero-homes-gurgaon-by-hero-realty-private-limited-in-sector-104
336331,https://housing.com/in/buy/projects/page/225397-ats-destinaire-by-ats-infrastructure-limited-in-noida-extension
270729,https://housing.com/in/buy/projects/page/44136-ats-rhapsody-by-ats-infrastructure-limited-in-noida-extension
1030,https://housing.com/in/buy/projects/page/10291-m3m-golf-estate-by-m3m-india-pvt-ltd-in-sector-65
87,https://housing.com/in/buy/projects/page/2203-ats-advantage-by-ats-infrastructure-limited-in-indirapuram
427056,https://housing.com/in/buy/projects/page/321022-m3m-altitude-by-m3m-india-pvt-ltd-in-sector-65
25860,https://housing.com/in/buy/projects/page/83-ats-triumph-by-ats-infrastructure-limited-in-sector-104
269397,https://housing.com/in/buy/projects/page/45639-ats-picturesque-reprieves-phase-1-by-ats-infrastructure-limited-in-sector-152
379918,https://housing.com/in/buy/projects/page/257380-nimbus-the-express-park-view-ii-low-rise-apartments-by-nimbus-realty-in-chi-v-greater-noida
426159,https://housing.com/in/buy/projects/page/319921-nimbus-the-palm-village-by-nimbus-realty-in-jewar
426520,https://housing.com/in/buy/projects/page/320891-conscient-parq-by-conscient-infrastructure-in-sector-80
62235,https://housing.com/in/buy/projects/page/33499-mahindra-luminare-by-mahindra-lifespaces-in-sector-59
404068,https://housing.com/in/buy/projects/page/288734-m3m-crown-by-m3m-india-pvt-ltd-in-sector-111
404456,https://housing.com/in/buy/projects/page/294013-signature-global-city-93-by-signature-global-builders-pvt-ltd-in-sector-93
424568,https://housing.com/in/buy/projects/page/327241-jms-premier-floors-by-jms-buildtech-pvt-ltd-in-sector-95
327273,https://housing.com/in/buy/projects/page/198060-county-107-by-county-group-in-sector-107
376088,https://housing.com/in/buy/projects/page/255340-smartworld-orchard-by-smartworld-developers-in-sector-61
434608,https://housing.com/in/buy/projects/page/332463-eldeco-fairway-reserve-by-eldeco-infrastructure-properties-limited-in-sector-80
352,https://housing.com/in/buy/projects/page/124753-bptp-parklands-plots-by-bptp-limited-in-sector-85
420301,https://housing.com/in/buy/projects/page/312933-tarc-kailasaa-by-tarc-limited-in-kirti-nagar
8130,https://housing.com/in/buy/projects/page/856-paradise-sai-miracle-by-paradise-group-in-kharghar
8590,https://housing.com/in/buy/projects/page/33129-indiabulls-golf-city-by-indiabulls-in-tambati
18410,https://housing.com/in/buy/projects/page/43076-experion-the-westerlies-by-experion-developers-in-sector-108
320141,https://housing.com/in/buy/projects/page/128461-godrej-air-by-godrej-properties-ltd-in-sector-85
379657,https://housing.com/in/buy/projects/page/259470-signature-global-city-92-by-signature-global-builders-pvt-ltd-in-sector-92
412546,https://housing.com/in/buy/projects/page/35502-dlf-privana-by-dlf-in-sector-77
297055,https://housing.com/in/buy/projects/page/53151-godrej-nature-plus-by-godrej-properties-ltd-in-sector-33-sohna
378934,https://housing.com/in/buy/projects/page/260949-signature-global-city-37d-1-by-signature-global-builders-pvt-ltd-in-sector-37d
328903,https://housing.com/in/buy/projects/page/332605-l-and-t-seawoods-residences-by-lt-realty-in-nerul
153,https://housing.com/in/buy/projects/page/1960-klj-greens-by-klj-developers-pvt-ltd-in-sector-77
294215,https://housing.com/in/buy/projects/page/301132-arihant-aspire-by-arihant-superstructures-limited-in-panvel
399000,https://housing.com/in/buy/projects/page/302514-ats-bonheur-avenue-by-ats-homekraft-in-dhunela
400534,https://housing.com/in/buy/projects/page/290386-amolik-aster-woods-by-amolik-buildcon-llp-in-sector-98
371039,https://housing.com/in/buy/projects/page/52090-bhagwati-greens-2-by-bhagwati-group-in-kharghar
331815,https://housing.com/in/buy/projects/page/45479-one-akshar-by-akshar-land-developers-in-sanpada
375092,https://housing.com/in/buy/projects/page/237537-provident-palmvista-by-provident-housing-limited-in-palava-phase-1
377897,https://housing.com/in/buy/projects/page/289213-bhagwati-elysia-by-bhagwati-group-in-pushpak-nagar
388006,https://housing.com/in/buy/projects/page/276381-paradise-sai-suncity-by-paradise-group-in-taloja
405789,https://housing.com/in/buy/projects/page/295114-pacific-one-pyramid-by-pacific-properties-in-airoli
405663,https://housing.com/in/buy/projects/page/288563-satyam-altura-by-satyam-lifescapes-llp-in-sanpada
401902,https://housing.com/in/buy/projects/page/289214-bhagwati-elysia-ii-by-bhagwati-group-in-pushpak-nagar
374312,https://housing.com/in/buy/projects/page/271550-godrej-woods-by-godrej-properties-ltd-in-sector-43
330597,https://housing.com/in/buy/projects/page/269450-signature-global-park-by-signature-global-builders-pvt-ltd-in-sector-36-sohna
743,https://housing.com/in/buy/projects/page/29436-logix-blossom-county-by-logix-group-in-sector-137
378131,https://housing.com/in/buy/projects/page/261019-m3m-soulitude-by-m3m-india-pvt-ltd-in-sector-89
405502,https://housing.com/in/buy/projects/page/304896-vvip-namah-by-vvip-in-mahurali
414339,https://housing.com/in/buy/projects/page/319871-experion-elements-by-experion-developers-in-sector-45
376075,https://housing.com/in/buy/projects/page/311874-uchdl-veridia-6-oakwood-enclave-by-uppal-chadha-hi-tech-developers-pvt-ltd-in-wave-city
431965,https://www.squareyards.com/ghaziabad-residential-property/gaur-nyc-residences/308175/project
404772,https://housing.com/in/buy/projects/page/293320-central-park-the-orchard-by-central-park-in-sector-32-sohna
390137,https://housing.com/in/buy/projects/page/277126-tulip-monsella-by-tulip-infratech-pvt-ltd-in-sector-53
329835,https://www.squareyards.com/ghaziabad-residential-property/scc-blossom/10676/project
403842,https://housing.com/in/buy/projects/page/295441-adani-samsara-avasa-by-adani-realty-in-sector-63
319819,https://housing.com/in/buy/projects/page/128336-shapoorji-pallonji-joyville-by-shapoorji-pallonji-real-estate-in-sector-102
403945,https://housing.com/in/buy/projects/page/317382-irish-platinum-by-irish-infrastructure-private-limited-in-sector-10
405529,https://housing.com/in/buy/projects/page/297932-navraj-the-antalya-by-navraj-builder-in-sector-37d
402610,https://housing.com/in/buy/projects/page/298817-m3m-antalya-hills-by-m3m-india-pvt-ltd-in-sector-79
7662,https://housing.com/in/buy/projects/page/8818-paramount-golfforeste-villas-by-paramount-propbuild-pvt-ltd-in-surajpur
419936,https://housing.com/in/buy/projects/page/310951-godrej-aristocrat-by-godrej-properties-ltd-in-sector-49
370562,https://housing.com/in/buy/projects/page/251452-t-and-t-eutopia-phase-1-by-t-and-t-realtech-private-limited-in-siddharth-vihar
427191,https://housing.com/in/buy/projects/page/319501-anantam-by-ganga-realty-in-sector-85
427906,https://housing.com/in/buy/projects/page/323687-sobha-altus-by-sobha-limited-in-sector-106
352441,https://housing.com/in/buy/projects/page/227572-ramprastha-imperial-heights-phase-1-by-ramprastha-group-in-indirapuram
6136,https://housing.com/in/buy/projects/page/3634-dlf-the-skycourt-by-dlf-in-sector-86
10412,https://housing.com/in/buy/projects/page/202146-purvanchal-royal-city-phase-2-by-purvanchal-projects-pvt-ltd-in-chi-v-greater-noida
2718,https://housing.com/in/buy/projects/page/3631-dlf-regal-gardens-by-dlf-in-sector-90
376177,https://housing.com/in/buy/projects/page/256274-dlf-garden-city-independent-floors-by-dlf-in-sector-92
26134,https://housing.com/in/buy/projects/page/43075-bptp-amstoria-country-floor-by-bptp-limited-in-sector-102
5456,https://housing.com/in/buy/projects/page/1290-puri-emerald-bay-by-puri-constructions-pvt-ltd-in-sector-104
146207,https://housing.com/in/buy/projects/page/17275-saan-verdante-by-saan-group-in-sector-95
396809,https://housing.com/in/buy/projects/page/282746-ashiana-amarah-by-ashiana-housing-ltd-in-sector-93
433641,https://housing.com/in/buy/projects/page/330111-wave-eden-by-uppal-chadha-hitech-developers-in-wave-city?gad_source=1&gclid=CjwKCAjw47i_BhBTEiwAaJfPpqV4tl6LeFRfzrrLztWyjASDpLD0ObosM9lF1jj6OQpnIA9mM7ibNRoCKGgQAvD_BwE
421404,https://housing.com/in/buy/projects/page/311700-sg-vista-by-sg-estates-in-raj-nagar-extension
136575,https://housing.com/in/buy/projects/page/324207-ashiana-anmol-by-ashiana-housing-ltd-in-sector-38
423388,https://housing.com/in/buy/projects/page/317335-puri-diplomatic-residences-by-puri-constructions-pvt-ltd-in-sector-111
423473,https://housing.com/in/buy/projects/page/319077-anant-raj-the-estate-residences-by-anant-raj-limited-in-kadarpur
265503,https://housing.com/in/buy/projects/page/35393-tata-la-vida-by-tata-realty-and-infrastructure-limited-in-sector-113
302889,https://housing.com/in/buy/projects/page/95604-ats-happy-trails-by-ats-homekraft-in-noida-extension
123483,https://housing.com/in/buy/projects/page/50457-ace-group-divino-by-ace-group-in-noida-extension
5832,https://housing.com/in/buy/projects/page/6579-nirala-estate-by-nirala-world-in-noida-extension
12900,https://housing.com/in/buy/projects/page/1929-fusion-homes-by-fusion-buildtech-pvt-ltd-in-noida-extension
422426,https://housing.com/in/buy/projects/page/318544-godrej-zenith-by-godrej-properties-ltd-in-sector-89
49320,https://housing.com/in/buy/projects/page/3773-charms-castle-by-charms-india-pvtltd-in-raj-nagar-extension
10356,https://housing.com/in/buy/projects/page/247-oasis-grandstand-by-oasis-buildmart-india-pvt-ltd-in-yeida
433317,https://housing.com/in/buy/projects/page/322810-max-estate-360-by-max-estates-in-sector-36
333369,https://housing.com/in/buy/projects/page/198354-emaar-digi-homes-by-emaar-in-sector-62
2,https://housing.com/in/buy/projects/page/182911-omaxe-twin-towers-by-omaxe-ltd-in-sector-50
87,https://housing.com/in/buy/projects/page/2203-ats-advantage-by-ats-infrastructure-limited-in-indirapuram
303,https://housing.com/in/buy/projects/page/33487-jaypee-the-kalypso-court-by-jaypee-greens-in-sector-128
352,https://housing.com/in/buy/projects/page/124753-bptp-parklands-plots-by-bptp-limited-in-sector-85
1027,https://housing.com/in/buy/projects/page/15819-mantri-serenity-by-mantri-developers-in-bikasipura
1223,https://housing.com/in/buy/projects/page/690-sikka-kaamna-greens-by-sikka-group-in-sector-143
1498,https://housing.com/in/buy/projects/page/6087-emerald-heights-by-modi-builders-in-badesahebguda
1852,https://housing.com/in/buy/projects/page/5169-sattva-luxuria-by-sattva-group-in-malleswaram
4872,https://housing.com/in/buy/projects/page/3036-pace-anusa-by-lakshi-realtors-in-tambaram
5144,https://housing.com/in/buy/projects/page/339869-bhartiya-nikoo-homes-phase-2-by-bhartiya-city-builders-bangalore-in-thanisandra
6936,https://housing.com/in/buy/projects/page/33367-sheth-vasant-lawns-by-sheth-creators-in-thane-west
7662,https://housing.com/in/buy/projects/page/8818-paramount-golfforeste-villas-by-paramount-propbuild-pvt-ltd-in-surajpur
7894,https://housing.com/in/buy/projects/page/1651-capital-athena-by-capital-infratechomes-in-noida-extension
8130,https://housing.com/in/buy/projects/page/856-paradise-sai-miracle-by-paradise-group-in-kharghar
8408,https://housing.com/in/buy/projects/page/1093-provident-sunworth-city-by-provident-housing-limited-in-kambipura
10130,https://housing.com/in/buy/projects/page/2775-ats-pristine-by-ats-infrastructure-limited-in-sector-150
10356,https://housing.com/in/buy/projects/page/247-oasis-grandstand-by-oasis-buildmart-india-pvt-ltd-in-yeida
10412,https://housing.com/in/buy/projects/page/202146-purvanchal-royal-city-phase-2-by-purvanchal-projects-pvt-ltd-in-chi-v-greater-noida
11112,https://housing.com/in/buy/projects/page/25547-shriram-sameeksha-by-shriram-properties-in-singapura/directions
16778,https://housing.com/in/buy/projects/page/13689-hm-indigo-by-hm-group-in-jp-nagar
23442,https://housing.com/in/buy/projects/page/286248-raj-viviente-by-snn-raj-corp-in-ckikkakammana-halli
24198,https://housing.com/in/buy/projects/page/202947-total-pursuit-of-a-radical-rhapsody-apartment-by-total-environment-building-systems-in-k-r-puram
25082,https://housing.com/in/buy/projects/page/51479-eirene-part-i-by-runwal-in-thane-west
30998,https://housing.com/in/buy/projects/page/786-the-presidential-tower-by-cntc-india-in-yeswanthpur
33782,https://housing.com/in/buy/projects/page/1075-sattva-magnificia-by-sattva-group-in-mahadevapura
40476,https://housing.com/in/buy/projects/page/86489-godrej-platinum-by-godrej-properties-ltd-in-vikhroli-east
49816,https://housing.com/in/buy/projects/page/18055-sikka-kaamya-greens-by-sikka-group-in-noida-extension
50184,https://housing.com/buy-pacifica-san-lucas-by-pacifica-builders-pvt-ltd-in-bhayli-vadodara-pid-25340
55744,https://housing.com/in/buy/projects/page/16432-fortuna-acacia-by-fortuna-constructions-india-pvt-ltd-in-sahakara-nagar
58272,https://housing.com/in/buy/projects/page/256094-omaxe-the-lake-by-omaxe-ltd-in-new-chandigarh
59796,https://housing.com/in/buy/projects/page/96786-34-park-estate-by-chandak-group-in-goregaon-west
61839,https://housing.com/in/buy/projects/page/99960-mahidhara-fortune-city-by-mahidhara-projects-in-attibele
62053,https://housing.com/buy-essence-by-mounthill-realty-pvt-ltd-in-rajarhat-kolkata-pid-279093
65394,https://housing.com/in/buy/projects/page/5940-lotus-homes-by-modi-builders-in-kundanpally
65774,https://housing.com/in/buy/projects/page/47301-edifice-by-modi-builders-in-bowrampet
67272,https://housing.com/in/buy/projects/page/43487-elegance-by-modi-builders-in-mettakanigudem
69896,https://housing.com/in/buy/projects/page/239886-madhu-parkville-by-madhu-infrastructures-in-tellapur
75215,https://housing.com/in/buy/projects/page/14250-anantha-vayun-meadows-by-anantha-infra-builders-developers-in-sainikpuri
115417,https://housing.com/in/buy/projects/page/202067-paradise-by-modi-builders-in-hayathnagar
125349,https://housing.com/in/buy/projects/page/45372-golden-county-villa-by-modi-builders-in-rampally
141819,https://housing.com/in/buy/projects/page/15523-baldota-brothers-thumbprint-by-baldota-brothers-in-vaderahalli
168649,https://housing.com/in/buy/projects/page/6662-f5-felicia-by-f5-realtors-in-hadapsar
180623,https://housing.com/in/buy/projects/page/100317-altus-muirwoods-by-altus-space-builders-in-new-chandigarh
197671,https://housing.com/in/buy/projects/page/33080-keerthi-krishna-viva-by-keerthi-constructions-in-junnasandra
205909,https://housing.com/in/buy/projects/page/25790-nandanvan-homes-by-shree-krupa-builders-in-thane-west
210905,https://housing.com/in/buy/projects/page/237370-salarpuria-sattva-northland-by-sattva-group-in-chikkagubbi-village
240490,https://housing.com/in/buy/projects/page/33739-doshi-risington-2-by-doshi-housing-in-karapakkam
257873,https://housing.com/buy-trimurty-arabella-by-trimurty-group-in-nehru-nagar-jaipur-rajasthan-pid-203055
260686,https://housing.com/in/buy/projects/page/37684-brigade-laguna-by-brigade-enterprises-ltd-in-jakkur
262668,https://housing.com/in/buy/projects/page/37723-sipani-royal-heritage-by-sipani-properties-private-limited-in-iggalur
265191,https://housing.com/buy-green-field-crown-city-by-greenfield-housing-pvt-ltd-in-kovilpalayam-coimbatore-pid-235947
267047,https://housing.com/in/buy/projects/page/36977-runwal-nirvana-part-i-by-runwal-in-parel
267635,https://housing.com/in/buy/projects/page/37821-godrej-emerald-by-godrej-properties-ltd-in-thane-west
268137,https://housing.com/in/buy/projects/page/39717-runwal-timeless-by-runwal-in-sion
269167,https://housing.com/in/buy/projects/page/51010-godrej-evoke-by-godrej-properties-ltd-in-jaypee-greens
269397,https://housing.com/in/buy/projects/page/45639-ats-picturesque-reprieves-phase-1-by-ats-infrastructure-limited-in-sector-152
269844,https://housing.com/buy-anukampa-sky-lounges-by-anukampa-group-in-kankha-ki-dhani-jaipur-rajasthan-pid-52270
270000,https://housing.com/in/buy/projects/page/43578-tata-eureka-park-by-tata-realty-and-infrastructure-limited-in-sector-150
270729,https://housing.com/in/buy/projects/page/44136-ats-rhapsody-by-ats-infrastructure-limited-in-noida-extension
272201,https://housing.com/in/buy/projects/page/47257-sattva-opus-by-sattva-group-in-peenya
273851,https://housing.com/in/buy/projects/page/52584-shantiniketan-vega-block-a-by-shantiniketan-in-kelambakkam
273879,https://housing.com/in/buy/projects/page/49682-arihant-abode-by-arihant-group-in-noida-extension
274711,https://housing.com/in/buy/projects/page/75706-renaissance-reserva-by-renaissance-holdings-in-mathikere
275013,https://housing.com/in/buy/projects/page/96521-pc-amansara-by-pc-realty-in-yelahanka
278033,https://housing.com/in/buy/projects/page/227497-puraniks-grand-central-by-puraniks-builders-pvt-ltd-in-thane-west
282227,https://housing.com/in/buy/projects/page/266449-hubtown-twenty-five-south-north-tower-by-hubtown-in-prabhadevi
290685,https://housing.com/in/buy/projects/page/52236-godrej-nest-by-godrej-properties-ltd-in-sector-150
292929,https://housing.com/in/buy/projects/page/80778-tridhaatu-morya-by-tridhaatu-realty-infra-pvt-ltd-in-chembur
293745,https://housing.com/in/buy/projects/page/128013-sona-vistaas-by-sona-valliappa-group-in-akshayanagar
293775,https://housing.com/in/buy/projects/page/202794-sb-skanda-lake-front-by-s-b-urbanscapes-in-kumaraswamy-layout
295673,https://housing.com/buy-tata-88-east-by-tata-realty-and-infrastructure-limited-in-mominpore-kolkata-pid-52804
296293,https://housing.com/in/buy/projects/page/81335-provident-park-square-by-provident-housing-limited-in-talaghattapura
297055,https://housing.com/in/buy/projects/page/53151-godrej-nature-plus-by-godrej-properties-ltd-in-sector-33-sohna
298821,https://housing.com/in/buy/projects/page/96854-kalpataru-vista-by-kalpataru-group-in-sector-128
299863,https://housing.com/in/buy/projects/page/81521-sattva-misty-charm-by-sattva-group-in-jyotipuram
302349,https://housing.com/in/buy/projects/page/146982-temple-tree-by-s-b-urbanscapes-in-begur?gad_source=1
302889,https://housing.com/in/buy/projects/page/95604-ats-happy-trails-by-ats-homekraft-in-noida-extension
303401,https://housing.com/buy-ps-jiva-homes-by-ps-group-in-tangra-kolkata-pid-95660
303427,https://housing.com/in/buy/projects/page/182007-vijaya-aquagreen-by-vijaya-enterprises-in-chikbanavara
305417,https://housing.com/in/buy/projects/page/144670-amrutha-platinum-towers-by-amrutha-rama-constructions-pvt-ltd-in-whitefield
305723,https://housing.com/in/buy/projects/page/96790-vtp-hilife-by-vtp-realty-in-thergaon
306189,https://housing.com/in/buy/projects/page/326551-rohan-upavan-by-rohan-builders-i-pvt-ltd-in-kyalasanahalli
306221,https://housing.com/in/buy/projects/page/144730-jrc-palladio-by-jrc-projects-pvt-ltd-in-sarjapur
306817,https://housing.com/in/buy/projects/page/332092-concorde-hill-crest-by-concorde-housing-corporation-pvt-ltd-in-keb-colony
311999,https://housing.com/in/buy/projects/page/133886-peace-paramount-by-a-peace-projects-llp-in-anantapura
317381,https://housing.com/in/buy/projects/page/171126-trendsquares-ortus-phase-i-by-trendsquare-constructions-in-amrutahalli
319475,https://housing.com/in/buy/projects/page/128759-adani-atelier-greens-by-adani-realty-in-mundhwa
321459,https://housing.com/in/buy/projects/page/129270-sattva-serene-life-by-sattva-group-in-yerthiganahalli
324247,https://housing.com/in/buy/projects/page/130881-puravankara-zenium-phase-1-by-puravankara-limited-in-hosahalli
324633,https://housing.com/in/buy/projects/page/171698-purva-atmosphere-by-puravankara-limited-in-rk-hegde-nagar
326229,https://housing.com/in/buy/projects/page/133832-ats-pious-hideaways-by-ats-infrastructure-limited-in-sector-150
326693,https://housing.com/in/buy/projects/page/134535-gagan-klara-by-gagan-developers-in-balewadi
327273,https://housing.com/in/buy/projects/page/198060-county-107-by-county-group-in-sector-107
328903,https://housing.com/in/buy/projects/page/332605-l-and-t-seawoods-residences-by-lt-realty-in-nerul
331815,https://housing.com/in/buy/projects/page/45479-one-akshar-by-akshar-land-developers-in-sanpada
332507,https://housing.com/in/buy/projects/page/182175-godrej-24-by-godrej-properties-ltd-in-volagerekallahalli
332831,https://housing.com/in/buy/projects/page/182871-prateek-canary-by-prateek-group-in-sector-150
332999,https://housing.com/in/buy/projects/page/235278-mega-sarovar-by-mega-homes-in-gollapudi
333811,https://housing.com/in/buy/projects/page/45638-ats-nobility-by-ats-infrastructure-limited-in-noida-extension
333823,https://housing.com/in/buy/projects/page/332752-tulip-infinity-world-by-tulip-properties-in-punawale
334009,https://housing.com/in/buy/projects/page/282301-modi-lakeview-by-modi-builders-in-laxmiguda
334013,https://housing.com/in/buy/projects/page/226113-sterling-heights-by-modi-builders-in-gundlapochampalli
334919,https://housing.com/in/buy/projects/page/272649-gp-aditya-by-gp-group-in-koramangala
336331,https://housing.com/in/buy/projects/page/225397-ats-destinaire-by-ats-infrastructure-limited-in-noida-extension
337519,https://housing.com/in/buy/projects/page/265468-risland-the-ace-by-risland-in-perungudi
337581,https://housing.com/in/buy/projects/page/202645-praneeth-apr-pranav-townsquare-by-praneeth-group-in-bachupally
339289,https://housing.com/in/buy/projects/page/202321-godrej-nirvaan-by-godrej-properties-ltd-in-bhiwandi
342591,https://housing.com/in/buy/projects/page/227507-jcsv-pride-pride-by-santhosh-in-jp-nagar
343921,https://housing.com/in/buy/projects/page/228327-one-hyderabad-residential-by-pranava-group-in-somajiguda
344037,https://housing.com/in/buy/projects/page/254087-yashada-vantage-twenty-one-by-yashada-realty-group-in-pimple-saudagar
344375,https://housing.com/in/buy/projects/page/228283-dss-mahavir-spring-tulip-phase-1-by-damji-shamji-shah-group-in-thane-west
344889,https://housing.com/in/buy/projects/page/228632-gulshan-dynasty-by-gulshan-homz-pvt-ltd-in-sector-144
345245,https://housing.com/buy-new-kolkata-sangam-by-alcove-realty-in-serampore-kolkata-pid-253185
347175,https://housing.com/buy-sri-krishna-vilas-by-shreemaa-infrarealty-pvt-ltd-in-lahartara-varanasi-uttar-pradesh-pid-257022
348287,https://housing.com/in/buy/projects/page/252952-kalpataru-vienta-by-kalpataru-group-in-kandivali-east
351117,https://housing.com/in/buy/projects/page/231446-five-star-anp-atlantis-phase-i-by-five-star-constructions-in-baner
351351,https://housing.com/in/buy/projects/page/150347-baashyaam-le-chalet-smart-choice-homes-by-na-divine-habitat-private-limited-in-poonamallee
351831,https://housing.com/in/buy/projects/page/238415-lakshmi-cadillac-by-lakshmi-infratech-india-pvt-ltd-in-kondapur
351977,https://housing.com/in/buy/projects/page/294379-prideparkastra-by-pride-purple-group-in-hinjawadi
352115,https://housing.com/in/buy/projects/page/232014-godrej-exquisite-by-godrej-properties-ltd-in-thane-west
353221,https://housing.com/in/buy/projects/page/332943-goel-ganga-altus-by-goel-ganga-group-in-kharadi
353830,https://housing.com/in/buy/projects/page/264592-supreme-estia-by-supreme-universal-in-baner
353930,https://housing.com/in/buy/projects/page/293048-lodha-bellavista-by-lodha-group-in-thane-west
354160,https://housing.com/in/buy/projects/page/230178-mantra-monarch-phase-1-by-mantra-properties-in-balewadi
354428,https://housing.com/buy-piya-hill-view-by-pragjyotish-housing-in-jalukbari-guwahati-pid-328860
355218,https://housing.com/in/buy/projects/page/333009-simba-viceroy-savana-by-simba-properties-llp-in-churchgate
355530,https://housing.com/in/buy/projects/page/233871-runwal-the-central-park-phase-i-by-runwal-in-chinchwad
366854,https://housing.com/in/buy/projects/page/235442-arvind-bel-air-by-arvind-smartspaces-ltd-in-vidyaranyapura
367139,https://housing.com/in/buy/projects/page/236727-hallmark-sunnyside-by-hallmark-builders-in-manchirevula
368900,https://housing.com/in/buy/projects/page/239242-prestige-waterford-by-prestige-estates-projects-ltd-in-whitefield
369336,https://housing.com/in/buy/projects/page/251817-omsree-brilliance-by-om-sree-builders-developers-in-dr-a-s-rao-nagar-colony
369372,https://housing.com/in/buy/projects/page/237785-omsree-heights-by-om-sree-builders-developers-in-kowkur
369448,https://housing.com/in/buy/projects/page/251177-abhigna-misty-woods-by-abhigna-constructions-in-jp-nagar
369997,https://housing.com/in/buy/projects/page/251342-casagrand-first-city-by-casagrand-builder-private-limited-in-sholinganallur
370278,https://housing.com/in/buy/projects/page/236637-bps-twin-towers-by-namishree-infrastructure-and-project-pvt-ltd-in-santosh-nagar
370562,https://housing.com/in/buy/projects/page/251452-t-and-t-eutopia-phase-1-by-t-and-t-realtech-private-limited-in-siddharth-vihar
371039,https://housing.com/in/buy/projects/page/52090-bhagwati-greens-2-by-bhagwati-group-in-kharghar
371185,https://housing.com/in/buy/projects/page/252263-divine-palm-spring-by-divine-ventures-and-lanke-birje-associates-in-wakad
371290,https://housing.com/in/buy/projects/page/252419-godrej-green-cove-by-godrej-properties-ltd-in-mahalunge
371291,https://housing.com/in/buy/projects/page/252488-rahul-aston-by-rahul-construction-co-in-hinjawadi
371344,https://housing.com/in/buy/projects/page/67742-bscpl-bollineni-zion-by-bscpl-infrastructure-ltd-in-sithalapakkam
371964,https://housing.com/in/buy/projects/page/254013-nyati-exuberance-by-nyati-group-in-mohammed-wadi
372021,https://housing.com/in/buy/projects/page/253004-millennium-pacific-by-millennium-developers-in-tathawade
372203,https://housing.com/in/buy/projects/page/253997-sanarelli-by-speed-housing-llp-in-bachupally
372334,https://housing.com/buy-southern-vista-by-rajat-homes-in-rajpur-kolkata-pid-253218
373727,https://housing.com/in/buy/projects/page/253641-ganga-asmi-by-shanti-mohan-developers-in-wakad
373839,https://housing.com/in/buy/projects/page/254122-civitech-strings-by-civitech-developers-in-noida-extension
374132,https://housing.com/in/buy/projects/page/265154-cybercity-westbrook-by-cybercity-builders-developers-in-kokapet
374315,https://housing.com/buy-shalimar-valencia-county-by-shalimar-corp-limited-in-gomti-nagar-extension-lucknow-pid-255574
374375,https://housing.com/in/buy/projects/page/254517-sheth-72-west-by-sheth-builder-and-developers-in-andheri-westhttps://housing.com/in/buy/projects/page/254517-sheth-72-west-by-sheth-builder-and-developers-in-andheri-west
374899,https://housing.com/in/buy/projects/page/255296-trident-embassy-reso-by-trident-infra-homes-pvt-ltd-in-noida-extension
374970,https://housing.com/in/buy/projects/page/255342-dsr-elixir-by-dsr-infrastructure-pvt-ltd-in-whitefield
374996,https://housing.com/in/buy/projects/page/235816-vertex-kingston-park-by-vertex-homes-in-gopanapalli
375353,https://housing.com/in/buy/projects/page/255860-ska-orion-by-ska-group-in-sector-143
375399,https://housing.com/in/buy/projects/page/260276-ira-miracle-by-ira-realty-in-kollur
375497,https://housing.com/in/buy/projects/page/255826-concorde-abode-99-by-concorde-housing-corporation-pvt-ltd-in-bommasandra
375577,https://housing.com/in/buy/projects/page/260277-ira-aspiration-by-ira-realty-in-kollur
375851,https://housing.com/in/buy/projects/page/256125-triaxis-splendour-plus-by-triaxis-infra-projects-in-hoskote?gad_source=1&gclid=CjwKCAjwwLO_BhB2EiwAx2e-30l5GtkfVRGvJkPNMnGjaEatY6SyRmkU9joT9VfDVrq70Z4Waz3amxoCp6cQAvD_BwE
375852,https://housing.com/in/buy/projects/page/256093-ds-max-sky-shubham-by-dsmax-properties-private-limited-in-k-r-puram
375918,https://housing.com/in/buy/projects/page/256121-aparna-sarovar-zicon-by-aparna-in-serilingampally
376104,https://housing.com/in/buy/projects/page/256019-modi-serene-park-by-modi-builders-in-ghatkesar
376145,https://housing.com/in/buy/projects/page/257485-the-poem-by-shriram-properties-in-abbigere
376373,https://housing.com/in/buy/projects/page/254090-vertex-viraat-by-vertex-homes-in-miyapur
376632,https://housing.com/buy-dreamland-harnarain-aeropolis-by-dreamland-holding-ltd-in-sehmalpur-varanasi-uttar-pradesh-pid-281796
376683,https://housing.com/buy-anjani-solaris-plus-by-anjani-developers-in-bhayli-vadodara-pid-257231
376821,https://housing.com/in/buy/projects/page/257357-ats-kingston-heath-by-ats-infrastructure-limited-in-sector-150
377050,https://housing.com/buy-benchmark-aspire-by-benchmark-developers-in-dhapa-kolkata-pid-257771
377188,https://housing.com/buy-celest-by-apex-meadows-private-limited-in-gajuwaka-visakhapatnam-pid-258444
377702,https://housing.com/in/buy/projects/page/259439-sobha-manhattan-towers-town-park-phase-1-w-4-and-5-by-sobha-limited-in-yadavanahalli
377935,https://housing.com/buy-kalasagar-skies-by-v3-construction-in-chandkheda-ahmedabad-pid-260191
378115,https://housing.com/in/buy/projects/page/263433-hallmark-skyrena-by-hallmark-builders-in-narsingi
378409,https://housing.com/in/buy/projects/page/260584-star-ace-starlit-by-star-landcraft-private-limited-in-sector-152
378411,https://housing.com/in/buy/projects/page/229690-ecolife-elements-of-nature-akash-block-b-and-c-by-ecolife-developers-in-balagere
378617,https://housing.com/in/buy/projects/page/259987-suchirindia-the-tales-of-greek-by-suchirindia-constructions-pvt-ltd-in-sathamrai-village
378890,https://housing.com/buy-greenfield-diamond-avenue-by-greenfield-housing-india-pvt-ltd-in-pattanam-coimbatore-pid-276749
378931,https://housing.com/in/buy/projects/page/261891-l-and-t-veridian-at-emerald-isle-13a-and-13b-by-lt-realty-in-powai
379234,https://housing.com/in/buy/projects/page/264802-vathsa-sterling-abode-by-sri-vathsas-sterling-abode-in-sainikpuri
379240,https://housing.com/in/buy/projects/page/1093-provident-sunworth-city-by-provident-housing-limited-in-kambipura
379347,https://housing.com/in/buy/projects/page/271439-arv-uthville-by-arv-group-in-kharadi
379399,https://housing.com/in/buy/projects/page/263309-sattva-ashraya-by-sattva-group-in-lakshmisagara
379586,https://housing.com/in/buy/projects/page/264123-excellaa-tremont-by-excellaa-in-keshav-nagar
379597,https://housing.com/in/buy/projects/page/262730-agarwal-floresta-maple-phase-2-by-homewell-realty-llp-in-malad-east
379727,https://housing.com/in/buy/projects/page/260344-gothic-pentagon-clouds-by-gothic-homes-in-bachupally
379760,https://housing.com/in/buy/projects/page/264986-hallmark-treasor-by-hallmark-builders-in-gandipet
379918,https://housing.com/in/buy/projects/page/257380-nimbus-the-express-park-view-ii-low-rise-apartments-by-nimbus-realty-in-chi-v-greater-noida
379927,https://housing.com/in/buy/projects/page/263411-prescon-midtown-bay-by-prescon-realtors-in-mahim
380395,https://housing.com/in/buy/projects/page/264817-vision-aristo-by-vision-creative-group-in-vikas-nagar
380808,https://housing.com/buy-swati-senor-by-swati-procon-pvt-ltd-in-ambli-ahmedabad-pid-265127
380922,https://housing.com/in/buy/projects/page/264809-silpas-kalpavriksha-by-shantasriram-constructions-pvt-ltd-in-bahadurpally
381481,https://housing.com/in/buy/projects/page/267354-platinum-53-west-by-platinum-corp-in-andheri-west
381615,https://housing.com/in/buy/projects/page/327640-kunal-the-canary-by-kunal-group-and-ssd-group-in-balewadi
381755,https://housing.com/in/buy/projects/page/289896-gk-aarcon-by-gk-developers-in-punawale
381799,https://housing.com/in/buy/projects/page/265616-dra-d-elite-by-dra-group-in-sholinganallur
382046,https://housing.com/in/buy/projects/page/265973-ats-homekraft-pious-orchards-by-ats-infrastructure-limited-in-sector-150
382172,https://housing.com/in/buy/projects/page/267586-sukhwani-kingsley-by-sukhwani-chawla-constructions-in-thergaon
382236,https://housing.com/buy-merlin-rise-by-merlin-group-in-rajarhat-kolkata-pid-267126
382262,https://housing.com/in/buy/projects/page/266580-suraj-vitalis-by-suraj-estate-developers-pvt-ltd-in-mahim
382710,https://housing.com/in/buy/projects/page/266997-vtp-verve-by-vtp-realty-in-sus
382816,https://housing.com/buy-botanica-by-srijan-realty-pvt-ltd-in-narendrapur-kolkata-pid-267854
382996,https://housing.com/in/buy/projects/page/267789-the-regents-park-by-satyam-builder-in-taloja
383398,https://housing.com/in/buy/projects/page/269816-praneeth-kkrs-pranav-jaitra-by-praneeth-group-in-hyder-nagar
