Project Name,Promoter Name,Certificate No.,Last Modified
SOPHIA NEST,Joyce George,K-RERA/PRJ/ERN/009/2025,15/01/2025
REIGATE MONTE MIRAGE,Reigate Developers Limited Liability Partnership,K-RERA/PRJ/KKD/258/2024,20/01/2025
Orchid Village,Paul Poulose Eapen,K-RERA/PRJ/ERN/245/2024,20/11/2024
ASIAN GLORY,ASIAN DEVELOPERS,K-RERA/PRJ/ERN/239/2024,22/11/2024
Abad Tanzeel Green,ABAD BUILDERS PVT LTD,K-RERA/PRJ/ERN/225/2024,11/11/2024
UNITY GARDENS,Vijayan K,K-RERA/PRJ/PKD/213/2024,25/01/2025
SANTHOSH CONSTRUCTIONS AND LORRY SERVISES,K K PILLAI,K-RERA/PRJ/TVM/208/2024,16/10/2024
The Roman Empire,Raja RajanS,K-RERA/PRJ/PKD/205/2024,21/12/2024
KURINJI PLOT,BABU AND MM ANTONY JOSEPH,K-RERA/PRJ/ERN/193/2024,17/10/2024
KALARIKKANS K MALL,LICHENBUILDER,K-RERA/PRJ/ERN/182/2024,04/09/2024
MALIEKAL GARDENS,TOBY JOSEPH,K-RERA/PRJ/ERN/180/2024,14/09/2024
ORCHID GARDEN,PIXEL HOMES,K-RERA/PRJ/TVM/172/2024,20/01/2025
Ramani Swamy Enclave,RAMANI REALTORS PRIVATE LIMITED,K-RERA/PRJ/357/2020,13/08/2024
SCARLET AVENUE,SCARLET CIRCLE HOLIDAYS PVT LTD,K-RERA/PRJ/TVM/154/2024,14/08/2024
Mammen,C M MAMMEN,K-RERA/PRJ/TVM/150/2024,23/07/2024
ORCHARD,MARSIC PROJECTS PVT LTD,K-RERA/PRJ/ERN/147/2024,16/07/2024
VENTURA DALIA,Ventura Realtors India Pvt Ltd,K-RERA/PRJ/ERN/144/2024,12/07/2024
GRACELAND FOUNDATION PHASE 2 - ELDERDALE PROJECT,GRACELAND FOUNDATIONS,K-RERA/PRJ/ERN/139/2024,27/07/2024
Bright Villaggio,Febina K V,K-RERA/PRJ/PKD/113/2024,30/06/2024
ASHVAMERU,SHERNA PROPERTIES,K-RERA/PRJ/PKD/112/2024,21/06/2024
SOWPARNIKA CANNARY,Sowparnika Projects & Infrasturcture Pvt Ltd,K-RERA/PRJ/KTM/099/2024,11/06/2024
Udayamperoor Plots,Saramma Joseph,K-RERA/PRJ/ERN/082/2024,21/04/2024
PRISTINE VILLAS,HiLife Builders Pvt Ltd,K-RERA/PRJ/TSR/080/2024,01/02/2025
EDEN GARDENS,CASA VISTA CONSTRUCTIONS PVT LTD,K-RERA/PRJ/TVM/078/2024,17/12/2024
GRACELAND FOUNDATIONS,GRACELAND FOUNDATIONS,K-RERA/PRJ/ERN/072/2024,07/06/2024
SOPHIA AMELIA,Joyce George,K-RERA/PRJ/ERN/065/2024,08/04/2024
Sayoojyam,Sudheer Kalathil Sukumaran,K-RERA/PRJ/PKD/043/2024,06/10/2024
DEODATE MERCEDES,DEODATE ENVIRONMENTAL HOMES PVT LTD,K-RERA/PRJ/TVM/036/2024,09/01/2025
GREENLAND HIILTOP,Greenland Properties and devolopers,K-RERA/PRJ/ERN/026/2024,17/01/2024
VICTORIA REALTORS POORNAM,DHARMIC LIVING PVT LTD,K-RERA/PRJ/TSR/024/2024,29/10/2024
DREAMS MALL,DESINGANADU RAPID DEVELOPMENT and ASSISTANCE CO OPERATIVE SOCIETY LTD,K-RERA/PRJ/KLM/011/2024,27/05/2024
DWELLING HOMES,FELIX JOHNS,K-RERA/PRJ/KTM/229/2023,19/12/2023
RAHMA APARTMENTS,SALAMCHOLLI ABDUL SALAM,K-RERA/PRJ/KNR/227/2023,30/12/2024
WINSOME GARDENS,CASA VISTA CONSTRUCTIONS PVT LTD,K-RERA/PRJ/TVM/225/2023,17/12/2024
GREEN HILLS,BTF Developers,K-RERA/PRJ/ERN/220/2023,07/04/2024
EVALIA - Paul Alukkas Developers,Paul Alukkas Developers Pvt Ltd,K-RERA/PRJ/ERN/218/2023,29/01/2024
ASIAN ALLEGRA,ASIAN DEVELOPERS,K-RERA/PRJ/ERN/217/2023,07/01/2024
ARTECH RIO,ARTECH REALTORS PRIVATE LIMITED,K-RERA/PRJ/KTM/203/2023,17/01/2025
Elora,Santhoosh J,K-RERA/PRJ/PKD/187/2023,04/01/2024
VICTORIA REALTORS SAROVARAM,DHARMIC LIVING PVT LTD,K-RERA/PRJ/PKD/186/2023,29/10/2024
Sophia Aspire,Joyce George,K-RERA/PRJ/ERN/181/2023,19/10/2023
Skyview,Akib Abdul Aziz Abdul Aziz,K-RERA/PRJ/TVM/162/2023,11/09/2023
Good Earth Saarang,Good Earth Eco Development Private Limited,K-RERA/PRJ/KNR/158/2023,07/02/2025
VICTORIA REALTORS SHISHIRAM,DHARMIC LIVING PVT LTD,K-RERA/PRJ/PKD/155/2023,29/10/2024
NATH CLOUD SCAPE,NATH BUILDERS,K-RERA/PRJ/WYD/145/2023,10/08/2023
Granday Mansion,WAYFAIR DEVELOPERS PRIVATE LIMITED,K-RERA/PRJ/ERN/140/2023,07/01/2025
Sustainable Village,Green Collective Projects Pvt Ltd,K-RERA/PRJ/TVM/127/2023,06/01/2025
PSN Lotus,PSN Homes Pvt Ltd,K-RERA/PRJ/ERN/126/2023,18/12/2024
ROYAL PINE,Malabar Developers Private Limited,K-RERA/PRJ/KKD/120/2023,01/03/2024
TBPL ARCADE,Thrissur Builders Private Limited,K-RERA/PRJ/TSR/118/2023,09/11/2023
Sophia Melrose,Joyce George,K-RERA/PRJ/ERN/114/2023,14/07/2023
VISWAM GREEN FIELD,AARJAY DWELLINGS,K-RERA/PRJ/TVM/109/2023,12/06/2023
KENT BAYWATCH SUITES,Kent Constructions Pvt Ltd,K-RERA/PRJ/ERN/108/2023,29/07/2023
SKYLINE CENTRAL AVENUE,M/s Skyline Builders,K-RERA/PRJ/KTM/095/2023,18/01/2025
ARTECH SREYA,ARTECH REALTORS PRIVATE LIMITED,K-RERA/PRJ/TVM/094/2023,17/01/2025
HYBA BLOOM,Vasco Square Builders and Developers,K-RERA/PRJ/KKD/093/2023,14/05/2024
Maple Leaf,Joyce George,K-RERA/PRJ/ERN/070/2023,13/10/2023
VICTORIA REALTORS SWASTHIKA SECOND PHASE,DHARMIC LIVING PVT LTD,K-RERA/PRJ/PKD/060/2023,29/10/2024
7ELYSEE HOMES,Raasi Homes India Private Limited,K-RERA/PRJ/TSR/058/2023,14/01/2025
KERALAGRAMAM PROPERTIES,Kerala Gramam Properties,K-RERA/PRJ/TSR/041/2023,14/02/2023
ALPINE HEIGHTS,Alpine Homes,K-RERA/PRJ/PTA/040/2023,16/10/2023
"TOWERS 2, 3, 4 OF NTH",DLF SOUTHERN TOWNS PRIVATE LIMITED,K-RERA/PRJ/ERN/029/2023,24/04/2023
Chithanya,Angleplus Projects Pvt Ltd,K-RERA/PRJ/ERN/023/2023,28/03/2023
VICTORIA REALTORS PRANAVAM,DHARMIC LIVING PVT LTD,K-RERA/PRJ/TVM/017/2023,29/10/2024
Sophia Avani,Joyce George,K-RERA/PRJ/ERN/011/2023,09/01/2023
Prakriti,Promag Realtors & Developers Pvt Ltd,K-RERA/PRJ/TVM/010/2023,17/02/2023
VICTORIA REALTORS PUNYAM,DHARMIC LIVING PVT LTD,K-RERA/PRJ/TSR/007/2023,08/11/2024
ARCON ANANT,ARCON HOME DEVELOPERS PVT LTD,K-RERA/PRJ/TVM/005/2023,24/01/2025
SALPA NIRVANA,M/S SALPA ESTATES AND PROPERTIES PVT LTD,K-RERA/PRJ/TSR/003/2023,12/02/2025
GALAXY POWDIKONAM,MIDHUN MARKOSE BUILDERS AND DEVELOPERS INDIA PVT LTD,K-RERA/PRJ/TVM/213/2022,29/01/2025
THANA SQUARE,THANA SQUARE,K-RERA/PRJ/KNR/212/2022,20/05/2023
Skyland,Praveen Kumar P,K-RERA/PRJ/TVM/209/2022,11/03/2023
SAHASRA,STHIRA DEVELOPERS,K-RERA/PRJ/PKD/204/2022,27/01/2025
Alfa- breeze,Scott John,K-RERA/PRJ/TSR/197/2022,11/06/2024
Krishnakrupa Apartments,KRISHNAKRUPA DEVELOPERS,K-RERA/PRJ/TSR/189/2022,17/07/2023
Sophia Celestia,Joyce George,K-RERA/PRJ/ERN/178/2022,25/10/2022
Hill Woods,Home Land Build Estate Pvt Ltd,K-RERA/PRJ/165/2021,13/06/2023
VICTORIA REALTORS SAMRRUDDHI,DHARMIC LIVING PVT LTD,K-RERA/PRJ/PKD/176/2022,29/10/2024
Vattapara Green woods,JOSH KURIAKOSE,K-RERA/PRJ/TVM/168/2022,19/01/2024
Ambalath Ayesha Homes,Abdul Rasheed,K-RERA/PRJ/TSR/167/2022,27/09/2023
VICTORIA REALTORS SHOBANAM,VICTORIA REALTORS,K-RERA/PRJ/PKD/165/2022,21/02/2023
CHEVRON BROOKVILLE,Chevron Builders and Realtors Private Limited,K-RERA/PRJ/TVM/158/2022,19/06/2024
CORDIAL BHARATHI,CORDIAL FOUNDATION PVT LTD,K-RERA/PRJ/TVM/156/2022,07/12/2022
MELONWOOD WAVES PHASE 2,Melonwood Homes Private Limited,K-RERA/PRJ/015/2022,29/04/2024
ARTECH FLORENZA,ARTECH REALTORS PRIVATE LIMITED,K-RERA/PRJ/TVM/154/2022,17/01/2025
Sunpaul Alna,Sunpaul Properties Pvt Ltd,K-RERA/PRJ/098/2021,16/09/2022
ARTECH FUTURA,ARTECH REALTORS PRIVATE LIMITED,K-RERA/PRJ/TVM/151/2022,17/01/2025
VICTORIA REALTORS SWARAM SECOND PHASE,DHARMIC LIVING PVT LTD,K-RERA/PRJ/TSR/149/2022,08/02/2025
GRAND MAPLE,Malabar Developers Private Limited,K-RERA/PRJ/KTM/146/2022,01/03/2024
SWASTHI PRAKASAMANDIRAM,SWASTHI HOMES,K-RERA/PRJ/ERN/145/2022,21/04/2023
VICTORIA REALTORS SPANDHANAM II,DHARMIC LIVING PVT LTD,K-RERA/PRJ/PKD/141/2022,29/10/2024
SHOPPERS MALL AND EL ROI,Shoppers International Malls Pvt Ltd,K-RERA/PRJ/TSR/129/2022,01/08/2022
VICTORIA REALTORS SWASTHIKA,DHARMIC LIVING PVT LTD,K-RERA/PRJ/PKD/127/2022,29/10/2024
ARTECH EMPIRE,ARTECH REALTORS PRIVATE LIMITED,K-RERA/PRJ/TVM/126/2022,17/01/2025
NSD FERNTREE HEIGHTS,FTH OWNERS ASSOCIATION,K-RERA/PRJ/332/2020,19/10/2023
MELLOW SKYWATCH,MELLOW FOUNDATIONS BUILDERS AND DEVELOPERS PVT LTD,K-RERA/PRJ/152/2021,03/11/2022
VICTORIA REALTORS SPANDHANAM,DHARMIC LIVING PVT LTD,K-RERA/PRJ/PKD/122/2022,29/10/2024
DREAMFLOWER MELODIUM,DREAM FLOWER HOUSING PROJECTS PVT LTD,K-RERA/PRJ/ERN/119/2022,17/01/2025
NANDANAM HABITAT,R A SALIM,K-RERA/PRJ/012/2022,11/01/2024
FEDERAL RESIDENCY ANNEX,Kamakshy Constrcutions,K-RERA/PRJ/210/2021,13/06/2024
TBPL GREENS,Thrissur Builders Private Limited,K-RERA/PRJ/205/2021,07/01/2023
TBPL VAIGAI,Thrissur Builders Private Limited,K-RERA/PRJ/211/2021,07/01/2023
HiLITE BUSINESS PARK,HiLITE BUSINESS PARK PVT LTD,K-RERA/PRJ/013/2022,03/12/2022
MABCO CLOUDS VILLAS,MABCO DEVELOPERS LLP,K-RERA/PRJ/203/2021,12/08/2024
SYMPHONY TRINITY,HARIDAS BUILDERS,K-RERA/PRJ/062/2021,29/09/2023
CIVICON ROYALE APARTMENTS,VARGHESE CD CHENGINIMATTM,K-RERA/PRJ/148/2021,25/10/2024
KMP Vaishnavapuri,Parameswaran Kizhakkemadam Mahadeva Iyyer,K-RERA/PRJ/187/2021,27/09/2023
Prakriti Aawaas,Prakriti Architects and Builders,K-RERA/PRJ/078/2021,16/12/2024
PERIYAR CASTLE,Dew Angel Builders And Developers Private Limited,K-RERA/PRJ/199/2021,04/03/2023
RAHEL HOMES,PARASIO RETIREMENT HOME,K-RERA/PRJ/174/2021,19/07/2022
Sophia Eden,Joyce George,K-RERA/PRJ/ERN/115/2022,31/08/2022
NJN MERITON,NJN HOMES & HOUSING PROJECTS,K-RERA/PRJ/ERN/113/2022,19/12/2024
TRITVAM - TOWER 5,TATA REALTY AND INFRASTRUCTURE LIMITED,K-RERA/PRJ/ERN/109/2022,04/07/2023
VICTORIA REALTORS VANDHANAM SECOND PHASE,DHARMIC LIVING PVT LTD,K-RERA/PRJ/TSR/105/2022,11/11/2024
Janani Project - Ponjasserry,Bhavanam Foundation Kerala,K-RERA/PRJ/ERN/103/2022,29/01/2024
Neamath Acacia,Neamath Realty Private Ltd,K-RERA/PRJ/PKD/102/2022,17/01/2025
CONFIDENT AVIOR,Confident Projects India Pvt Ltd,K-RERA/PRJ/TVM/096/2022,03/01/2024
Dasco Royal Valley Phase 3,Mahesh Ayanimoodu Vijayan,K-RERA/PRJ/TVM/095/2022,25/10/2024
BOUGAINVILLEA VILLAS,PRIMESPACE PROJECTS PVT LTD,K-RERA/PRJ/KKD/094/2022,19/06/2023
Sophia Elanza,Joyce George,K-RERA/PRJ/ERN/093/2022,28/03/2023
SOWPARNIKA SUDARSHANAM,Sowparnika Projects & Infrasturcture Pvt Ltd,K-RERA/PRJ/TSR/091/2022,07/07/2023
VICTORIA REALTORS VANDHANAM,DHARMIC LIVING PVT LTD,K-RERA/PRJ/TSR/083/2022,29/10/2024
TRAVANCORE OPUS HIGHWAY TOWER I,Travancore Builders Pvt Ltd,K-RERA/PRJ/ERN/081/2022,17/10/2024
Sophia Estelia,Joyce George,K-RERA/PRJ/ERN/080/2022,31/08/2022
ARTECH LUXUS,ARTECH REALTORS PRIVATE LIMITED,K-RERA/PRJ/TVM/077/2022,17/01/2025
SOPHIA EVANIA,Joyce George,K-RERA/PRJ/ERN/075/2022,31/08/2022
PAMANT,VAIPPIL VILLAS AND APARTMENTS,K-RERA/PRJ/ERN/073/2022,13/12/2024
Anvita Royal Grande,ANVITA BUILDERS PVT LTD,K-RERA/PRJ/ERN/072/2022,12/01/2023
TOWER ELEVEN,MERITRA HOMES PVT LTD,K-RERA/PRJ/ERN/068/2022,17/01/2025
Sowparnika Promenade Square,Sowparnika Projects & Infrasturcture Pvt Ltd,K-RERA/PRJ/TVM/063/2022,03/06/2023
Tulsi Majestic Court,TULSI DEVELOPERS INDIA PRIVATE LIMITED,K-RERA/PRJ/ERN/056/2022,30/12/2023
Tulsi Nest,TULSI DEVELOPERS INDIA PRIVATE LIMITED,K-RERA/PRJ/ERN/055/2022,30/12/2023
Sowparnika Highlands,Sowparnika Projects & Infrasturcture Pvt Ltd,K-RERA/PRJ/TVM/050/2022,03/06/2023
KBD Daffodils,KERATECH BUILDERS AND DEVELOPERS PRIVATE LIMITED,K-RERA/PRJ/TVM/049/2022,31/10/2022
Sowparnika Sandal Tower,Sowparnika Projects & Infrasturcture Pvt Ltd,K-RERA/PRJ/TVM/045/2022,11/12/2024
Sowparnika Sandal Tower,Sowparnika Projects & Infrasturcture Pvt Ltd,K-RERA/PRJ/TVM/045/2022,11/12/2024
Sowparnika Sandal Tower,Sowparnika Projects & Infrasturcture Pvt Ltd,K-RERA/PRJ/TVM/045/2022,11/12/2024
SNR SHASTHA,SNR BUILDERS,K-RERA/PRJ/TVM/044/2022,16/12/2024
THE VERANDAH GARDENS,Infra Housing Pvt Ltd,K-RERA/PRJ/ERN/043/2022,15/12/2022
FERRO FORTUNE,Ferro Engineers And Developers,K-RERA/PRJ/ERN/042/2022,28/02/2022
PRS Ramsaras,P R S Builders,K-RERA/PRJ/TVM/037/2022,07/01/2024
PRISUNIC PORTICO,PRISUNIC BUILDERS PVT LTD,K-RERA/PRJ/121/2021,08/02/2025
SANROYAL ELANTA,SANROYAL BUILDERS AND CONTRACTORS PVT LTD,K-RERA/PRJ/280/2020,07/01/2025
Palmtree Apartments,Pratheeksha Builders LLP,K-RERA/PRJ/120/2021,19/07/2023
WELL N WORTH PANKAJ ENCLAVE,Well N Worth Pankaj Enclave,K-RERA/PRJ/197/2021,26/09/2022
CVC-PUTHETHU-PETRA,CHERIAN VARKEY CONSTRUCTION COMPANY PRIVATE LIMITED,K-RERA/PRJ/081/2021,04/07/2022
Sowparnika River View Gardens Phase 1,Sowparnika Projects & Infrasturcture Pvt Ltd,K-RERA/PRJ/009/2022,12/12/2024
Sowparnika River View Gardens Phase 1,Sowparnika Projects & Infrasturcture Pvt Ltd,K-RERA/PRJ/009/2022,12/12/2024
CONFIDENT AMBER,Confident Projects Residential,K-RERA/PRJ/004/2022,17/01/2025
GALAXY PINE COURT BLOCK I,GALAXY HOMES PVT LTD,K-RERA/PRJ/118/2021,21/01/2025
NANDANAM HAVEN APARTMENT,Salim Associates Builders and Developers pvt Ltd,K-RERA/PRJ/131/2021,26/09/2022
VINTAGE HEIGHTS BUILDERS AND DEVELOPERS,VINTAGE HEIGHTS BUILDERS AND DEVELOPERS,K-RERA/PRJ/132/2021,22/02/2023
BIENNALAE BLOCK II,DEVDATHAM BUILDERS AND DEVELOPERS PRIVATE LIMITED,K-RERA/PRJ/055/2021,30/07/2022
SOWPARNIKA VALLE,Sowparnika Projects & Infrasturcture Pvt Ltd,K-RERA/PRJ/206/2021,03/06/2023
Sun and Sands,NEW CHALAI AGENCIES,K-RERA/PRJ/149/2021,19/09/2023
GRAND RIVIERA,OSKO BUILDERS INDIA PRIVATE LIMITED,K-RERA/PRJ/173/2021,24/08/2023
THE PARK BY FAVOURITE HOMES,FAVOURITE CONSTRUCTIONS PRIVATE LIMITED,K-RERA/PRJ/005/2022,27/01/2025
The Pavillion Vazhakkala,CJG Holdings India Pvt Ltd,K-RERA/PRJ/192/2021,09/06/2022
O2 ZONE,BAYSHORE SEAWOODS PROJECT,K-RERA/PRJ/ERN/032/2022,13/03/2023
TRIAMITY WOODSVILLE,TRIAMITY DWELLINGS PRIVATE LIMITED,K-RERA/PRJ/ERN/030/2022,07/07/2023
ROSEBUD TERRACES,ROSEBUD PROJECTS PRIVATE LIMITED,K-RERA/PRJ/ERN/029/2022,19/02/2022
The Maker Cacion,Mahesh Pillai,K-RERA/PRJ/082/2021,31/08/2024
WHITE WISTERIA,KAROLLIL PROPERTIES,K-RERA/PRJ/ERN/027/2022,10/12/2024
Shivam Apartments,S A Homes,K-RERA/PRJ/PKD/026/2022,19/12/2024
THE PETALS VILLAS BY FAVOURITE HOMES,FAVOURITE CONSTRUCTIONS PRIVATE LIMITED,K-RERA/PRJ/151/2021,27/01/2025
Orchid Courtyard,Orchid Homes,K-RERA/PRJ/ERN/024/2022,24/06/2024
INFRA PROXIM,Infra Housing Pvt Ltd,K-RERA/PRJ/ERN/021/2022,29/10/2022
IMPACT MILESTONE,ROBINSON PROPERTIES INTERNATIONAL PVT LTD,K-RERA/PRJ/333/2020,18/01/2025
Estilo Eden Luxury Apartments,Estilo Projects Private Limited,K-RERA/PRJ/195/2021,27/09/2023
DASARADHA PETALS,PUTHANVEEDU RAJESH,K-RERA/PRJ/PKD/019/2022,04/09/2023
IHDC HASHYS,INDIRA HOME DEVELOPERS AND CONTRACTORS LLP,K-RERA/PRJ/TVM/018/2022,18/02/2022
Hoysala EVM,Hoysala Projects Pvt Ltd,K-RERA/PRJ/142/2021,25/09/2023
SILVER CASTLE SPRINGS,Silver Castle Construction Company Pvt Ltd,K-RERA/PRJ/079/2020,20/01/2025
"YESKAY REGALIA ,TOWER 2",SUNILKUMAR SUBRAMANIAM,K-RERA/PRJ/295/2020,20/12/2023
Palace 10 Apartments And Gouri Chambers,GD Buiilders,K-RERA/PRJ/020/2021,04/02/2022
SOWPARNIKA RIVER VIEW GARDENS PHASE 3,Sowparnika Projects,K-RERA/PRJ/141/2021,12/12/2024
SOWPARNIKA RIVER VIEW GARDENS PHASE 3,Sowparnika Projects,K-RERA/PRJ/141/2021,12/12/2024
SKYSCAPE,CASADEL BUILDERS INDIA PRIVATE LIMITED,K-RERA/PRJ/257/2020,30/10/2024
SANROYAL- EVANIA,SANROYAL BUILDERS AND CONTRACTORS PVT LTD,K-RERA/PRJ/092/2021,15/06/2023
Tufnell Garden Block 4 and 5,Jain Housing And Constructions Limited,K-RERA/PRJ/ERN/011/2022,24/01/2025
Tulsi Capitol pointe,TULSI DEVELOPERS INDIA PRIVATE LIMITED,K-RERA/PRJ/309/2020,03/07/2023
JEWEL WATERLILLY,JEWEL HOMES PVT LTD,K-RERA/PRJ/101/2021,22/07/2023
PEARL VIEW APARTMENTS,PEARL VIEW HOMES,K-RERA/PRJ/021/2021,26/01/2023
ACCORD FERRY BAY,ACCORD HABITAT PRIVATE LIMITED,K-RERA/PRJ/157/2021,10/01/2024
DREAMFLOWER VIVALDI,DREAM FLOWER HOUSING PROJECTS PVT LTD,K-RERA/PRJ/ERN/004/2022,17/01/2025
ANTA - MARVEL,ANTA BUILDERS & DEVELOPERS PVT LTD,K-RERA/PRJ/ERN/003/2022,17/01/2025
SANROYAL ASTORIA,SANROYAL BUILDERS AND CONTRACTORS PVT LTD,K-RERA/PRJ/176/2021,03/06/2023
LAVENDER BAY,Synthite Industries Pvt Ltd,K-RERA/PRJ/207/2020,30/10/2024
Prayag,SREEPATHI ASSOCIATES BUILDERS & PROMOTERS,K-RERA/PRJ/TSR/085/2021,18/01/2025
HiLITE MALL THRISSUR,HiLITE MALL THRISSUR LLP,K-RERA/PRJ/194/2021,05/08/2024
LANDMARK BLUEBERRY,CALICUT LANDMARK BUILDERS AND DEVELOPERS INDIA PRIVATE LIMITED,K-RERA/PRJ/KKD/081/2021,28/03/2024
Indian Oil Officers Cooperative Housing Society Limited Petronest,INDIAN OIL OFFICERS COOPERATIVE HOUSING SOCIETY LIMITED,K-RERA/PRJ/ERN/080/2021,30/05/2023
KCHELL RESIDENCY,KCHELL INFRASTRUCTURE AND TRADING COMPANY PRIVATE LIMITED,K-RERA/PRJ/KLM/078/2021,15/12/2021
Levita Sapphire,Levita Builders and Developers Private Limited,K-RERA/PRJ/169/2021,13/12/2021
PENTAGON CYBER VISTA,PENTAGON BUILDERS,K-RERA/PRJ/097/2020,18/01/2025
THE UPTOWN BY INDROYAL,INDROYAL PROPERTIES PRIVATE LIMITED,K-RERA/PRJ/052/2021,23/04/2024
SUPER GOOD NEST,SUPER GOOD HOMES,K-RERA/PRJ/069/2021,05/06/2023
SUN ELECASA,SUN PROJECTS INDIA PRIVATE LIMITED,K-RERA/PRJ/186/2021,11/11/2021
CREDENCE APARTMENT,A A ABDUL LATHIF,K-RERA/PRJ/162/2021,09/05/2022
ASSET LUMINANCE,ASSET HOMES PRIVATE LIMITED,K-RERA/PRJ/ERN/071/2021,17/01/2025
SFS HAVELI,SKYLINE FOUNDATIONS AND STRUCTURES PRIVATE LIMITED,K-RERA/PRJ/ERN/070/2021,04/01/2024
CONDOR PRIMROSE,CONDOR BUILDERS PVT LTD,K-RERA/PRJ/TVM/069/2021,17/01/2025
THE LANTERN BY FAVOURITE HOMES,FAVOURITE CONSTRUCTIONS PRIVATE LIMITED,K-RERA/PRJ/TVM/067/2021,27/01/2025
MOOPANS RIVERSIDE,Moopans,K-RERA/PRJ/127/2021,07/12/2023
One Anthem,ULCCS IT Infrastructure Private Limited,K-RERA/PRJ/KKD/062/2021,08/01/2025
ABAD INSPIRATIONS,ABAD BUILDERS PVT LTD,K-RERA/PRJ/ERN/061/2021,30/10/2024
MULBERRY HOMES- MYSTIC ROSE,NITHIN MICHELLE BUILDERS AND DEVELOPERS P LTD,K-RERA/PRJ/294/2020,10/06/2023
ORCHID APARTMENTS,IDFIX BUILDERS PVT LTD,K-RERA/PRJ/136/2020,12/10/2024
CIDBI CHALET,A A ABDUL LATHIF,K-RERA/PRJ/TSR/059/2021,05/04/2024
LEVIS CASA,Levi Thomas,K-RERA/PRJ/KNR/058/2021,03/02/2025
LEVIS CASA,Levi Thomas,K-RERA/PRJ/KNR/058/2021,03/02/2025
HiLITE FLORINA,HiLITE Builders Pvt Ltd,K-RERA/PRJ/KKD/054/2021,31/10/2024
DD HIGHWAY GATE,SEA WIND REALTORS INDIA PRIVATE LIMITED,K-RERA/PRJ/147/2020,03/06/2023
VT Trine,Vee Tee Engineers Constructions Private Limited,K-RERA/PRJ/138/2021,29/03/2023
PVS CLASSIC,PVS Builders & Developers,K-RERA/PRJ/087/2020,23/01/2025
CJs HARITHA CITY PLAZA,CJ's HARITHA HOMES,K-RERA/PRJ/163/2021,18/01/2025
THE JORD,VAIPPIL VILLAS AND APARTMENTS,K-RERA/PRJ/179/2020,20/05/2024
THE CENTRAL EXCISE AND CUSTOMS OFFICERS HOUSING COOPERATIVE SOCIETY LTD,THE CENTRAL EXCISE AND CUSTOMS OFFICERS HOUSING COOPERATIVE SOCIETY LTD,K-RERA/PRJ/168/2021,13/04/2023
POWERLINK SHYAMAMOHANAM,Powerlink Builders Pvt Ltd,K-RERA/PRJ/154/2021,21/10/2024
HEATHER GREENAGE,Heather Infrastructure Private Limited,K-RERA/PRJ/051/2021,06/01/2025
PVS EMERALD,KERALA TRANSPORT COMPANY,K-RERA/PRJ/185/2020,31/08/2021
Adonai Majesty,Adonai Shelters Pvt Ltd,K-RERA/PRJ/311/2020,29/06/2023
LANDCHESTER LEGACY,Landchester Builders India Private Ltd,K-RERA/PRJ/031/2021,14/03/2024
Sowparnika River View Gardens Phase 2,Sowparnika Projects,K-RERA/PRJ/146/2021,12/12/2024
Sowparnika River View Gardens Phase 2,Sowparnika Projects,K-RERA/PRJ/146/2021,12/12/2024
SOWPARNIKA RIVER VIEW GARDENS PHASE 4,Sowparnika Projects,K-RERA/PRJ/185/2021,12/12/2024
SOWPARNIKA RIVER VIEW GARDENS PHASE 4,Sowparnika Projects,K-RERA/PRJ/185/2021,12/12/2024
WINDS OF CHANGE,ICLOUD HOMES PRIVATE LIMITED,K-RERA/PRJ/182/2021,23/01/2025
DD CITY GATE,SEA WIND REALTORS INDIA PRIVATE LIMITED,K-RERA/PRJ/122/2020,07/06/2024
NANMA DOWNTOWN,NANMA PROPERTIES LTD,K-RERA/PRJ/365/2020,17/01/2025
"CONFIDENT OBERON, NEAR ALUVA, KOCHI",Confident Projects India Pvt Ltd,K-RERA/PRJ/293/2020,10/01/2023
Urbanscape Dynasty,Urbanscape Properties LLP,K-RERA/PRJ/110/2021,21/05/2024
PARADISE,PNR HOMES PRIVATE LIMITED,K-RERA/PRJ/TVM/040/2021,17/12/2024
Kalyan Centrum,Kalyan Developers,K-RERA/PRJ/049/2021,18/01/2025
DAHLIA VILLAS,OMG PROPERTIES PRIVATE LIMITED,K-RERA/PRJ/PKD/037/2021,22/08/2023
Urbanscape Glory,Urbanscape Properties LLP,K-RERA/PRJ/063/2020,05/03/2024
GARDENIA,Confident Projects Residential,K-RERA/PRJ/094/2020,17/01/2025
SMS SHRISHTI,SMS BUILDERS,K-RERA/PRJ/ERN/036/2021,04/07/2024
PRS PARAM RATNA,PRS BUILD INDIA PRIVATE LIMITED,K-RERA/PRJ/286/2020,04/02/2025
LANDMARK MAPLE,CALICUT LANDMARK BUILDERS AND DEVELOPERS INDIA PRIVATE LIMITED,K-RERA/PRJ/027/2020,13/06/2023
VFIVE MIDCITY,VFIVE HOMES PRIVATE LIMITED,K-RERA/PRJ/043/2021,17/01/2025
RED ORCHID,Malabar Developers Private Limited,K-RERA/PRJ/164/2020,29/07/2024
SILPI MARIGOLD,SILPI PROJECTS,K-RERA/PRJ/ALP/035/2021,25/12/2024
SILVER SPRING,PNR HOMES PRIVATE LIMITED,K-RERA/PRJ/TVM/033/2021,18/04/2024
S.A. Square,S A Homes,K-RERA/PRJ/051/2020,17/10/2023
ARYA,Chothy's Building Promoters Pvt Ltd,K-RERA/PRJ/054/2020,02/08/2023
BAMBOO PARK II,Malabar Developers Private Limited,K-RERA/PRJ/046/2021,09/04/2024
VFIVE DEEPAM,VFIVE HOMES PRIVATE LIMITED,K-RERA/PRJ/346/2020,17/01/2025
YASORAM ARL HEIGHTS,YASORAM BUILDERS PVT LTD,K-RERA/PRJ/289/2020,12/05/2023
Nikunjam Tharangini,Nikunjam Constructions Private Limited,K-RERA/PRJ/003/2020,05/03/2024
"CONFIDENT SYMPHONY, ALUVA",Confident Projects Residential,K-RERA/PRJ/356/2020,17/01/2025
MANSIONS SKYLUXE,MANSIONS,K-RERA/PRJ/084/2020,01/02/2025
HIGHLINE PARK,Highline Builders and Developers,K-RERA/PRJ/298/2020,08/07/2024
SKYLINE RANCH VILLAS-PHASE 2,M/s Skyline Builders,K-RERA/PRJ/013/2021,18/01/2025
Clearway ASTRUM,Clearway Builders Pvt Ltd,K-RERA/PRJ/140/2020,27/07/2021
NATE PANACHE,NATE BUILDERS PRIVATE LIMITED,K-RERA/PRJ/077/2021,23/01/2025
PTC WESTERN GHATS,PTC BUILDERS,K-RERA/PRJ/011/2021,16/04/2024
REGALIA APARTMENT,KSATHEESAN REALTORS PRIVATE LIMITED,K-RERA/PRJ/296/2020,18/01/2025
VISHRAAM MILESTONE,Vishraam Builders and Developers Pvt Ltd,K-RERA/PRJ/159/2020,18/01/2025
ARTECH RAINFOREST,ARTECH REALTORS PRIVATE LIMITED,K-RERA/PRJ/270/2020,17/01/2025
VITHAYATHIL AFFINITY AT PUKALAKKATTU,VITHAYATHIL HOMES,K-RERA/PRJ/351/2020,21/11/2024
VITHAYATHIL AFFINITY AT PUKALAKKATTU,VITHAYATHIL HOMES,K-RERA/PRJ/351/2020,21/11/2024
SREE MADHAVAM,ASWATHY CONSTRUCTIONS,K-RERA/PRJ/339/2020,30/12/2022
SFS GRANDVILLE,SKYLINE FOUNDATIONS AND STRUCTURES PRIVATE LIMITED,K-RERA/PRJ/343/2020,06/04/2024
THE VINTAGE BY FAVOURITE HOMES,FAVOURITE CONSTRUCTIONS PRIVATE LIMITED,K-RERA/PRJ/021/2020,27/01/2025
VISHRAAM ICON,Vishraam Builders and Developers Pvt Ltd,K-RERA/PRJ/143/2020,18/01/2025
BUILTECH SUMMIT,BUILTECH SUMMIT,K-RERA/PRJ/068/2020,19/04/2022
SOWPARNIKA ATRIUM,Sowparnika Projects & Infrasturcture Pvt Ltd,K-RERA/PRJ/099/2021,05/01/2024
Indraneelam DEODATE,Indraneelam Builders,K-RERA/PRJ/244/2020,18/01/2025
CORDON TRINITY,CORDON CONSTRUCTORS & REALTORS Pvt Ltd,K-RERA/PRJ/005/2021,16/01/2024
MELONWOOD WAVES PHASE 1,Melonwood Homes Private Limited,K-RERA/PRJ/167/2021,06/10/2023
CONFIDENT ASTER,Confident Projects Residential,K-RERA/PRJ/312/2020,17/01/2025
SOWPARNIKA BHAVANI,Sowparnika Projects & Infrasturcture Pvt Ltd,K-RERA/PRJ/103/2021,19/12/2024
SOWPARNIKA RIVER VIEW GARDENS PHASE 5,Sowparnika Projects,K-RERA/PRJ/147/2021,12/12/2024
SOWPARNIKA RIVER VIEW GARDENS PHASE 5,Sowparnika Projects,K-RERA/PRJ/147/2021,12/12/2024
Kalyan Uptown,Kalyan Developers,K-RERA/PRJ/026/2020,18/01/2025
VFIVE ELYSIUM PHASE 1,VFIVE HOMES PRIVATE LIMITED,K-RERA/PRJ/290/2020,17/01/2025
POWERLINK GRAND HILLS,Powerlink Builders Pvt Ltd,K-RERA/PRJ/330/2020,21/10/2024
SOWPARNIKA NATURA,Sowparnika Projects & Infrasturcture Pvt Ltd,K-RERA/PRJ/334/2020,31/10/2024
SOWPARNIKA NATURA,Sowparnika Projects & Infrasturcture Pvt Ltd,K-RERA/PRJ/334/2020,31/10/2024
SOWPARNIKA GRAND SQUARE,Sowparnika Projects & Infrasturcture Pvt Ltd,K-RERA/PRJ/361/2020,31/10/2024
SOWPARNIKA GRAND SQUARE,Sowparnika Projects & Infrasturcture Pvt Ltd,K-RERA/PRJ/361/2020,31/10/2024
GREEN VIEWS,Chothy's Building Promoters Pvt Ltd,K-RERA/PRJ/116/2020,02/08/2023
Olive Celestina,OLIVE BUILDERS AND DEVELOPERS PVT LTD,K-RERA/PRJ/143/2021,11/11/2023
CIDBI CANDOR,A A ABDUL LATHIF,K-RERA/PRJ/112/2021,18/01/2025
ROYAL MULBERRY,Malabar Developers Private Limited,K-RERA/PRJ/355/2020,01/03/2024
CLOUDBERRY,Malabar Developers Private Limited,K-RERA/PRJ/208/2020,09/04/2024
JOS ALUKKAS DIAMOND ENCLAVE,ALUKKAS REALTORS INDIA PVT LITD,K-RERA/PRJ/023/2021,17/09/2021
JOS ALUKKAS GOLDEN ARK,ALUKKAS REALTORS INDIA PVT LITD,K-RERA/PRJ/065/2021,04/11/2024
VISHRAAM AANANDITA,VISHRAAM BUILDERS,K-RERA/PRJ/139/2020,18/01/2025
THE PETALS VILLAMENT BY FAVOURITE HOMES,FAVOURITE CONSTRUCTIONS PRIVATE LIMITED,K-RERA/PRJ/119/2021,27/01/2025
ANTA - QUEENS GARDEN,ANTA BUILDERS & DEVELOPERS PVT LTD,K-RERA/PRJ/ERN/031/2021,17/01/2025
VISHRAAM CIVAANTA,VISHRAAM BUILDERS,K-RERA/PRJ/085/2021,18/01/2025
Kalyan Credenz,Kalyan Developers,K-RERA/PRJ/154/2020,18/01/2025
Kalyan Courtyard,Kalyan Developers,K-RERA/PRJ/065/2020,18/01/2025
Kalyan Marvella,Kalyan Developers,K-RERA/PRJ/155/2020,18/01/2025
CONFIDENT GOLD COAST B,Confident Projects India Pvt Ltd,K-RERA/PRJ/307/2020,03/01/2024
LANDMARK VILLAGE TOWER II,CALICUT LANDMARK BUILDERS AND DEVELOPERS INDIA PRIVATE LIMITED,K-RERA/PRJ/222/2020,07/10/2023
Kalyan Heritage,Kalyan Developers,K-RERA/PRJ/064/2020,18/01/2025
Indraneelam Sanctum SanctorumTower - 2,Indraneelam Builders,K-RERA/PRJ/134/2021,18/01/2025
ANANTA LIVING - PRITHVI,BUILTECH VENTURE LLP,K-RERA/PRJ/067/2020,14/05/2022
Homestead Ferris,Homestead Projects And Developers Private Limited,K-RERA/PRJ/217/2020,24/04/2024
SIDDHI SREEKALA,SIDDHI HOMES,K-RERA/PRJ/283/2020,11/06/2024
AMETHYST,OMG PROPERTIES PRIVATE LIMITED,K-RERA/PRJ/ERN/030/2021,07/01/2025
CORDON VISTA,CORDON CONSTRUCTORS & REALTORS Pvt Ltd,K-RERA/PRJ/052/2020,16/01/2024
Kalyan Meridian,Kalyan Developers,K-RERA/PRJ/013/2020,18/01/2025
Kalyan Sapphire,Kalyan Developers,K-RERA/PRJ/250/2020,18/01/2025
Kalyan Divinity,Kalyan Developers,K-RERA/PRJ/205/2020,18/01/2025
CHILGROVE,TALENMARK BUILDERS LLP,K-RERA/PRJ/059/2021,21/12/2023
SUN CORNER STONE,SUN PROJECTS INDIA PRIVATE LIMITED,K-RERA/PRJ/297/2020,14/05/2024
SUN MEDANTA,SUN PROJECTS INDIA PRIVATE LIMITED,K-RERA/PRJ/338/2020,30/05/2024
EMINENT,Heather Homes Private Limited,K-RERA/PRJ/353/2020,20/07/2023
MANSIONS PRISTINA,MANSIONS,K-RERA/PRJ/226/2020,01/02/2025
CONFIDENT BILBERRY,Confident Projects Residential,K-RERA/PRJ/108/2020,17/01/2025
HI-LIFE GRATIA APARTMENTS,HiLife Builders Pvt Ltd,K-RERA/PRJ/080/2020,01/02/2025
THE SERENEBAY BY FAVOURITE HOMES,FAVOURITE CONSTRUCTIONS PRIVATE LIMITED,K-RERA/PRJ/144/2020,27/01/2025
SFS OLYMPIA,SKYLINE FOUNDATIONS AND STRUCTURES PRIVATE LIMITED,K-RERA/PRJ/322/2020,06/04/2024
NOEL ECODEN,NOEL VILLAS AND APARTMENTS,K-RERA/PRJ/335/2020,17/01/2025
"LANDMARK WORLD ENTASIS, LANDMARK WORLD FRIEZE",CALICUT LANDMARK BUILDERS AND DEVELOPERS INDIA PRIVATE LIMITED,K-RERA/PRJ/106/2021,04/10/2023
OLIVE IANTHA,OLIVE BUILDERS,K-RERA/PRJ/341/2020,30/03/2022
ASSET RAINTREE,ASSET HOMES PRIVATE LIMITED,K-RERA/PRJ/029/2020,17/01/2025
HEATHER MAGNUM,Heather Homes Private Limited,K-RERA/PRJ/015/2021,04/07/2023
Court Yard,The Keral Judicial Officers Cocoperative Society Ltd No 4475,K-RERA/PRJ/245/2020,27/05/2023
ASSET SUNNY DAYS,ASSET HOMES PRIVATE LIMITED,K-RERA/PRJ/041/2020,17/01/2025
THE CORNICHE,HEATHER CONSTRUCTIONS,K-RERA/PRJ/314/2020,03/11/2023
LANDMARK CENTRIO,CALICUT LANDMARK BUILDERS AND DEVELOPERS INDIA PRIVATE LIMITED,K-RERA/PRJ/134/2020,28/03/2024
LANDMARK MAPLE COMMERCIAL,CALICUT LANDMARK BUILDERS AND DEVELOPERS INDIA PRIVATE LIMITED,K-RERA/PRJ/036/2020,21/12/2023
"PENTIUM SPRING GREEN VILLAS, PERINTHALMANNA",PENTIUM CONSTRUCTION PRIVATE LIMITED,K-RERA/PRJ/172/2021,24/10/2024
BEACON FORTWINGS,Beacon Projects Pvt Ltd,K-RERA/PRJ/228/2020,31/01/2023
NOEL TUNES,NOEL VILLAS AND APARTMENTS,K-RERA/PRJ/096/2020,17/01/2025
LE ROYALE BY FAVOURITE HOMES,FAVOURITE CONSTRUCTIONS PRIVATE LIMITED,K-RERA/PRJ/019/2020,27/01/2025
BEACON FORTVIEW,Beacon Projects Pvt Ltd,K-RERA/PRJ/268/2020,06/02/2023
NOEL POETRY,NOEL VILLAS AND APARTMENTS,K-RERA/PRJ/050/2021,17/01/2025
THE AEROPOLIS BY FAVOURITE HOMES,FAVOURITE CONSTRUCTIONS PRIVATE LIMITED,K-RERA/PRJ/200/2020,27/01/2025
CULTURAL CENTRE,TALENMARK DEVELOPERS LLP,K-RERA/PRJ/074/2021,22/12/2023
VFIVE MONDAINE,VFIVE HOMES PRIVATE LIMITED,K-RERA/PRJ/032/2021,17/01/2025
Nikunjam Meridian,Nikunjam Constructions Private Limited,K-RERA/PRJ/278/2020,12/01/2024
VICTORIA REALTORS CHAITHRAM THIRD PHASE,DHARMIC LIVING PVT LTD,K-RERA/PRJ/105/2021,28/10/2023
Magnum Opus,Space Developers,K-RERA/PRJ/111/2020,23/02/2022
CONFIDENT IRIS,Confident Projects Residential,K-RERA/PRJ/025/2020,17/01/2025
SOWPARNIKA SHRIDI II,Sowparnika Projects & Infrasturcture Pvt Ltd,K-RERA/PRJ/164/2021,31/10/2024
THE IDENTITY,IDENTITY INFRASTRUCTURES TWIN TOWERS,K-RERA/PRJ/275/2020,11/03/2022
Mansions Palm Hills King Palms,MANSIONS,K-RERA/PRJ/017/2020,01/02/2025
POOJA ILLOM VIEW,PRAVEENKUMAR E A,K-RERA/PRJ/059/2020,07/06/2023
SAPTHAVARNA GALAXY,SAPTHAVARNA BUILDERS PVT LTD,K-RERA/PRJ/347/2020,04/07/2024
TC ONE SKYWALK TOWER 2,TC ONE PROPERTIES AND PROJECTS INDIA PVT LTD,K-RERA/PRJ/137/2020,06/12/2024
Jayaraj Anugraha,Jayaraj Properties,K-RERA/PRJ/089/2020,10/12/2024
VICTORIA REALTORS UPASANA,DHARMIC LIVING PVT LTD,K-RERA/PRJ/PKD/028/2021,28/10/2023
Aadithya Park,Aadithya Mansion India Private Limited,K-RERA/PRJ/TVM/027/2021,22/07/2023
50 CROSS ROADS,PVS Builders & Developers,K-RERA/PRJ/119/2020,23/01/2025
GRANDIOSE,Heather Infrastructure Private Limited,K-RERA/PRJ/204/2020,06/01/2025
CONFIDENT AQUILA Block 1 and ARINA Block 2,Confident Projects Residential,K-RERA/PRJ/100/2020,17/01/2025
HEATHER FERNS,Heather Homes Private Limited,K-RERA/PRJ/240/2020,06/01/2025
FREESIA,Confident Projects Residential,K-RERA/PRJ/104/2020,17/01/2025
RAINWOODS,MERITRA HOMES PVT LTD,K-RERA/PRJ/145/2021,17/01/2025
Jayaraj Thejus,Jayaraj Properties,K-RERA/PRJ/004/2021,10/12/2024
Venice Prestige,Venice Builders,K-RERA/PRJ/024/2021,27/12/2023
CLUB ONE BY FAVOURITE HOMES,FAVOURITE CONSTRUCTIONS PRIVATE LIMITED,K-RERA/PRJ/162/2020,27/01/2025
LA-MAISON,Sree Dhanya Homes Pvt ltd,K-RERA/PRJ/306/2020,20/01/2025
VICTORIA REALTORS USHAS,DHARMIC LIVING PVT LTD,K-RERA/PRJ/035/2021,28/10/2023
VICTORIA REALTORS CHAITHRAM,DHARMIC LIVING PVT LTD,K-RERA/PRJ/044/2020,07/04/2023
PRIMROSE,Future Foundations Pvt Ltd,K-RERA/PRJ/083/2021,30/09/2023
THE GRAND AVENUE BY FAVOURITE HOMES,FAVOURITE CONSTRUCTIONS PRIVATE LIMITED,K-RERA/PRJ/020/2020,27/01/2025
NANMA SACRAMENTO PROVIDENCE,NANMA PROPERTIES LTD,K-RERA/PRJ/304/2020,17/01/2025
"MRG SABARI APARTMENTS, PUNKUNNAM",MRG BUILDERS PRIVATE LTD,K-RERA/PRJ/099/2020,07/04/2022
SOWPARNIKA VAISHNAVAM,Sowparnika Projects & Infrasturcture Pvt Ltd,K-RERA/PRJ/109/2021,23/07/2024
THE SPRING WOODS BY FAVOURITE VALUE PLUS,FAVOURITE CONSTRUCTIONS PRIVATE LIMITED,K-RERA/PRJ/033/2020,27/01/2025
KUDUMBAM,Syama Dynamic Project Developers Private Limited,K-RERA/PRJ/180/2020,23/08/2024
BEVERLY FLORENTO,KPA DEVELOPERS,K-RERA/PRJ/002/2021,26/09/2023
NOEL OCTAVE,NOEL VILLAS AND APARTMENTS,K-RERA/PRJ/009/2021,17/01/2025
THE CARMEL HEIGHTS BY FAVOURITE HOMES,FAVOURITE CONSTRUCTIONS PRIVATE LIMITED,K-RERA/PRJ/008/2020,27/01/2025
BEACON ORBIT,Beacon Projects Pvt Ltd,K-RERA/PRJ/299/2020,31/01/2023
THE LANTERN,Civil Service Officers Housing Co Operative Society Ltd,K-RERA/PRJ/022/2021,04/08/2023
OLIVE OURANIA,OLIVE BUILDERS,K-RERA/PRJ/325/2020,30/10/2024
PENTIUM ETERNIA VERTICAL HOMES,PENTIUM CONSTRUCTION PRIVATE LIMITED,K-RERA/PRJ/259/2020,16/05/2023
NOEL TALLTERRACE,NOEL VILLAS AND APARTMENTS,K-RERA/PRJ/354/2020,17/01/2025
ASSET RANGOLI,ASSET HOMES PRIVATE LIMITED,K-RERA/PRJ/095/2020,17/01/2025
ASSET SENATE,ASSET HOMES PRIVATE LIMITED,K-RERA/PRJ/105/2020,17/01/2025
SIDDHI POORNA PALACE,SIDDHI HOMES,K-RERA/PRJ/039/2021,11/06/2024
BASHI SILVERCREST APARTMENTS,KARIPARAMBIL KASIM SALAUDHIN,K-RERA/PRJ/316/2020,27/03/2023
ASSET TKM GRANDIOS STERLING,ASSETINDIA INFRAPROJECTS PRIVATE LIMITED,K-RERA/PRJ/302/2020,27/10/2022
ASSET TKM GRANDIOS SANFORD,ASSETINDIA INFRAPROJECTS PRIVATE LIMITED,K-RERA/PRJ/103/2020,23/09/2024
ARTECH PALM MEADOWS,ARTECH REALTORS PRIVATE LIMITED,K-RERA/PRJ/083/2020,17/01/2025
CONFIDENT WILLOW,Confident Projects Residential,K-RERA/PRJ/035/2020,17/01/2025
CONFIDENT DAFFODILS BLOCK A and B,Confident Projects Residential,K-RERA/PRJ/107/2020,17/01/2025
CONFIDENT GOLD COAST A,Confident Projects India Pvt Ltd,K-RERA/PRJ/203/2020,03/01/2024
ASSET GALLERIA,ASSET HOMES PRIVATE LIMITED,K-RERA/PRJ/081/2020,17/01/2025
ASSET PRECIOUS,ASSET HOMES PRIVATE LIMITED,K-RERA/PRJ/030/2020,17/01/2025
KALPAKA PARKSIDE,Kalpaka Builders Pvt Ltd,K-RERA/PRJ/ERN/026/2021,26/09/2023
YASORAM DEVAKEEYAM,YASORAM BUILDERS PVT LTD,K-RERA/PRJ/305/2020,12/12/2024
NATIONAL KINGDOM,SUNNY APARTMENTS PVT LTD,K-RERA/PRJ/026/2021,02/01/2025
ASSET HILLCREST VOLGA,ASSETINDIA INFRAPROJECTS PRIVATE LIMITED,K-RERA/PRJ/193/2020,27/10/2022
SMS Vista,SMS BUILDERS,K-RERA/PRJ/153/2020,03/07/2023
RDS ECHO,RDS REALTIES LTD,K-RERA/PRJ/ERN/024/2021,18/01/2025
CORDIAL JEMS,CORDIAL HOMES PVT LTD,K-RERA/PRJ/109/2020,17/01/2025
ABAD GOLDEN OAK,ABAD BUILDERS PVT LTD,K-RERA/PRJ/363/2020,05/06/2023
ABAD OASIS,ABAD BUILDERS PVT LTD,K-RERA/PRJ/212/2020,05/06/2023
CONFIDENT EXOTICA,Confident Projects India Pvt Ltd,K-RERA/PRJ/141/2020,03/01/2024
LADDER CAPITAL HILL,Kerala Land Reforms And Development Co operative Society Ltd No 4482,K-RERA/PRJ/187/2020,01/01/2025
VITHAYATHIL LEGEND CASA,VITHAYATHIL HOMES,K-RERA/PRJ/276/2020,12/12/2024
LOTUS RUGMINI KESHAVAM,LOTUS PROPERTIES,K-RERA/PRJ/120/2020,12/03/2022
JVN CENTRAL,JVN HOMES PRIVATE LIMITED,K-RERA/PRJ/ERN/022/2021,02/01/2025
VICTORIA REALTORS TANIMA,DHARMIC LIVING PVT LTD,K-RERA/PRJ/TSR/019/2021,28/10/2023
SOWPARNIKA JAZZMYNA,Sowparnika Projects & Infrasturcture Pvt Ltd,K-RERA/PRJ/340/2020,11/12/2024
FORUS PARAMOUNT,FORUS INITIATIVES,K-RERA/PRJ/124/2020,18/01/2025
VARMA SPECTRUM,VARMA HOMES PRIVATE LIMITED,K-RERA/PRJ/091/2020,17/01/2025
VARMA BOUGAIN HEIGHTS PURPLE,VARMA HOMES PRIVATE LIMITED,K-RERA/PRJ/093/2020,17/01/2025
ASSET ORCHESTRA,ASSET HOMES PRIVATE LIMITED,K-RERA/PRJ/308/2020,17/01/2025
ASSET CHRISABELLE,ASSET HOMES PRIVATE LIMITED,K-RERA/PRJ/070/2021,17/01/2025
ASSET CORRIDOR,ASSET HOMES PRIVATE LIMITED,K-RERA/PRJ/115/2021,17/01/2025
VARMA PADIPURA,VARMA HOMES PRIVATE LIMITED,K-RERA/PRJ/045/2021,17/01/2025
ASSET LEGACY,ASSETINDIA INFRAPROJECTS PRIVATE LIMITED,K-RERA/PRJ/348/2020,29/10/2022
Dasco Royal Valley Phase 2,Mahesh Ayanimoodu Vijayan,K-RERA/PRJ/TVM/017/2021,08/05/2024
SAMRUDHI,JGT Constructions Private Limited,K-RERA/PRJ/145/2020,24/01/2024
ARTECH FLORA,ARTECH REALTORS PRIVATE LIMITED,K-RERA/PRJ/023/2020,17/01/2025
DD TECH VALLEY,SEA WIND REALTORS INDIA PRIVATE LIMITED,K-RERA/PRJ/127/2020,29/06/2024
VARMA DR PAIS HERITAGE,VARMA HOMES PRIVATE LIMITED,K-RERA/PRJ/362/2020,17/01/2025
CORDON LAUREL,CORDON CONSTRUCTORS & REALTORS Pvt Ltd,K-RERA/PRJ/177/2020,16/01/2024
CORDIAL GITANJALI,CORDIAL HOMES PVT LTD,K-RERA/PRJ/117/2020,17/01/2025
CORDIAL DHANYAM,CORDIAL CONSTRUCTION COMPANY,K-RERA/PRJ/146/2020,06/09/2024
SILVER SPRINGS,PVS Builders & Developers,K-RERA/PRJ/086/2020,23/01/2025
ASSET LUMINAIRE,ASSET HOMES PRIVATE LIMITED,K-RERA/PRJ/328/2020,17/01/2025
ASSET FORTUNA,ASSET HOMES PRIVATE LIMITED,K-RERA/PRJ/002/2020,17/01/2025
Kalyan Avanti,Kalyan Developers,K-RERA/PRJ/241/2020,18/01/2025
DD SAPPHIRE GARDENS,UM ASSETS PRIVATE LIMITED,K-RERA/PRJ/192/2020,29/06/2024
DD MAJESTIC MOUNT,WEST WIND PROPERTIES KOCHI PRIVATE LIMITED,K-RERA/PRJ/230/2020,19/09/2023
VKL SANTHI HOMES,VKL BUILDERS INDIA PRIVATE LIMITED,K-RERA/PRJ/291/2020,11/03/2022
FORUS N WILLIAMS,FORUS INITIATIVES,K-RERA/PRJ/057/2020,18/01/2025
CHAKOLAS PINNACLE,CHAKOLAS REALTORS,K-RERA/PRJ/188/2020,20/11/2023
VARMA PRIME,VARMA HOMES PRIVATE LIMITED,K-RERA/PRJ/364/2020,21/01/2025
VARMA DR PAIS LEGACY,VARMA HOMES PRIVATE LIMITED,K-RERA/PRJ/076/2021,17/01/2025
Jayaraj Divya,Jayaraj Properties,K-RERA/PRJ/078/2020,10/12/2024
Asset Alpine Oaks,ASSET HOMES PRIVATE LIMITED,K-RERA/PRJ/062/2020,17/01/2025
ASSET LIMELIGHT,ASSET HOMES PRIVATE LIMITED,K-RERA/PRJ/042/2020,17/01/2025
ARTECH & NATESAN'S DIAMOND ENCLAVE,ARTECH REALTORS PRIVATE LIMITED,K-RERA/PRJ/015/2020,17/01/2025
FORUS AZALEA,FORUS INITIATIVES,K-RERA/PRJ/010/2020,18/01/2025
FORUS VRINDAVANAM,FORUS INITIATIVES,K-RERA/PRJ/058/2020,18/01/2025
CONFIDENT PRIME III,Confident Projects Residential,K-RERA/PRJ/174/2020,17/01/2025
OMG LIFESTYLES S PHASE,OMG PROPERTIES,K-RERA/PRJ/183/2020,12/11/2024
SREEROSH SPRINGDALE,SREEROSH DEVELOPERS PVT LTD,K-RERA/PRJ/069/2020,10/02/2025
SREEROSH IRIS,SREEROSH DEVELOPERS PVT LTD,K-RERA/PRJ/070/2020,10/02/2025
SFS CAPITAL PARK,SKYLINE FOUNDATIONS AND STRUCTURES PRIVATE LIMITED,K-RERA/PRJ/360/2020,06/04/2024
BHAVANS CELESTIA,Bhavans Starco Builders Private Limited,K-RERA/PRJ/223/2020,09/11/2022
CONFIDENT LOTUS,Confident Projects Residential,K-RERA/PRJ/016/2020,17/01/2025
DD SUNSET ISLAND,Desai Rachana Private Limited,K-RERA/PRJ/215/2020,23/04/2024
SREEROSH SEA BREEZE,SREEROSH DEVELOPERS PVT LTD,K-RERA/PRJ/045/2020,17/01/2025
DD PAVILION,SEA WIND REALTORS INDIA PRIVATE LIMITED,K-RERA/PRJ/131/2020,12/12/2024
ARTECH GATEWAY,ARTECH REALTORS PRIVATE LIMITED,K-RERA/PRJ/258/2020,17/01/2025
VATIKA VILLAS,OMG PROPERTIES,K-RERA/PRJ/303/2020,07/01/2025
SREEROSH ORBIT,SREEROSH DEVELOPERS PVT LTD,K-RERA/PRJ/267/2020,17/01/2025
ARYA BHANGY RHINESTONE,ARYA BHANGY BUILDERS PVT LTD,K-RERA/PRJ/349/2020,28/06/2024
TRINITY NEW CASTLE,TRINITY ARCADE PVT LTD,K-RERA/PRJ/088/2020,22/01/2025
SKYLINE PIXEL,M/s Skyline Builders,K-RERA/PRJ/182/2020,18/01/2025
OPAL HEIGHTS,CLARA JOHNSON,K-RERA/PRJ/033/2021,05/01/2023
ARTECH VGP SKY VILLAGE,ARTECH REALTORS PRIVATE LIMITED,K-RERA/PRJ/050/2020,17/01/2025
FORUS TULIPS,FORUS INITIATIVES,K-RERA/PRJ/017/2021,18/01/2025
ARTECH METROPOLIS,ARTECH REALTORS PRIVATE LIMITED,K-RERA/PRJ/114/2020,17/01/2025
Classic Avenir Suites,Classic Constructions,K-RERA/PRJ/274/2020,28/01/2025
THAKSHASILA,RAJTECH DEVELOPERS AND BUILDERS PVT LTD,K-RERA/PRJ/123/2021,03/09/2024
LOTUS NANDANAM,VEDAPURI LOTUS PROPERTIES PVT LTD,K-RERA/PRJ/007/2021,18/01/2025
SMS Tejus,SMS BUILDERS,K-RERA/PRJ/219/2020,03/07/2023
SFS RETREAT,SKYLINE FOUNDATIONS AND STRUCTURES PRIVATE LIMITED,K-RERA/PRJ/001/2020,06/04/2024
SFS SUNNYVALE,SKYLINE FOUNDATIONS AND STRUCTURES PRIVATE LIMITED,K-RERA/PRJ/158/2020,29/10/2022
TRINITY GREEN ARK,TRINITY ARCADE PVT LTD,K-RERA/PRJ/202/2020,22/01/2025
DH DZIRE MUTTATHIL,DREAMS HABITAT PVT LTD,K-RERA/PRJ/125/2021,26/09/2023
ASIAN NJP,ASIAN DEVELOPERS,K-RERA/PRJ/159/2021,06/04/2023
Lotus Sopanam,VEDAPURI LOTUS PROPERTIES PVT LTD,K-RERA/PRJ/082/2020,18/01/2025
HiLITE ATHENA,HiLITE Builders Pvt Ltd,K-RERA/PRJ/KKD/009/2021,04/12/2023
KSK MOUNT CASTLE,KSK INFRA PROPERTIES,K-RERA/PRJ/064/2021,06/09/2024
SREEROSH BHARATH,SREEROSH DEVELOPERS PVT LTD,K-RERA/PRJ/071/2020,10/02/2025
MERIDIAN VERDE,GALAXY BUILDERS,K-RERA/PRJ/156/2020,03/06/2023
VIOLET HOMES,OMG PROPERTIES PRIVATE LIMITED,K-RERA/PRJ/116/2021,31/12/2024
ABAD REFLECTIONS,ABAD BUILDERS PVT LTD,K-RERA/PRJ/046/2020,30/11/2024
OMG MAGNUS,OMG PROPERTIES PRIVATE LIMITED,K-RERA/PRJ/282/2020,11/02/2025
TBPL LOIRE,Thrissur Builders Private Limited,K-RERA/PRJ/047/2020,27/12/2024
OMG VIVANTE VILLAS,OMG PROPERTIES PRIVATE LIMITED,K-RERA/PRJ/184/2020,31/12/2024
AJL Serene Woods,AJL HOMES,K-RERA/PRJ/095/2021,06/12/2022
SFS WEST HILL,SKYLINE FOUNDATIONS AND STRUCTURES PRIVATE LIMITED,K-RERA/PRJ/256/2020,06/04/2024
DREAMFLOWER ZEPHYR,DREAM FLOWER HOUSING PROJECTS PVT LTD,K-RERA/PRJ/ERN/008/2021,17/01/2025
CORDIAL SKYVIEW,CORDIAL FOUNDATION PVT LTD,K-RERA/PRJ/148/2020,21/09/2022
EMMAUS TOWER,BINOY ABRAHAM,K-RERA/PRJ/320/2020,02/11/2024
OMG VIVANTE VILLAS PHASE -2,OMG PROPERTIES PRIVATE LIMITED,K-RERA/PRJ/100/2021,31/12/2024
ELEVE MAISON,GALAXY BUILDERS,K-RERA/PRJ/157/2020,04/01/2024
SAMRUDHI HOMES,OMG PROPERTIES PRIVATE LIMITED,K-RERA/PRJ/107/2021,11/02/2025
SILVER CASTLE GREEN WOODS,Silver Castle Construction Company Pvt Ltd,K-RERA/PRJ/319/2020,20/01/2025
ELITE MEADOWS,ELITE GARDENIA LLP,K-RERA/PRJ/156/2021,20/01/2025
223ChurchStreet by Providence,Providence Lifespace Pvt Ltd,K-RERA/PRJ/206/2020,21/10/2022
ARCON PREMIA,ARCON HOME BUILDERS PRIVATE LIMITED,K-RERA/PRJ/209/2020,03/10/2023
ARCON INSPIRE,ARCON HOME BUILDERS PRIVATE LIMITED,K-RERA/PRJ/113/2020,02/07/2024
GOOD EARTH BAREFOOT ON THE HILLS,SYMBIOSIS PROPERTIESAND INFRASTRUCTURES INDIA PRIVATE LTD,K-RERA/PRJ/125/2020,14/03/2022
Kairali Feliz Apartments,Kairali Home Apartments and Villas Pvt Ltd,K-RERA/PRJ/009/2020,03/06/2023
LIFE SPACE VILLAS,OMG PROPERTIES PRIVATE LIMITED,K-RERA/PRJ/ERN/006/2021,07/01/2025
OMG SIGNATURE,OMG PROPERTIES PRIVATE LIMITED,K-RERA/PRJ/233/2020,11/02/2025
ASIAN AMARANTA,ASIAN DEVELOPERS,K-RERA/PRJ/160/2021,22/11/2024
NATIONAL TREEDOM PARK,NATIONAL BUILDERS,K-RERA/PRJ/066/2021,06/01/2023
CORDIAL DHANUSS,CORDIAL FOUNDATION PVT LTD,K-RERA/PRJ/149/2020,21/09/2022
Ravindram,Chandrus Housing Projects,K-RERA/PRJ/237/2020,13/10/2023
OMG LIFESTYLES K PHASE,OMG PROPERTIES,K-RERA/PRJ/216/2020,12/11/2024
OMG LIFESTYLES PHASE 3,OMG PROPERTIES,K-RERA/PRJ/056/2021,12/11/2024
Mathruka Luxury Flats,Mathruka Realtors Private Limited,K-RERA/PRJ/336/2020,15/09/2021
CLAYSYS HEIGHTS,CLAYSYS LIFESTYLE PRIVATE LIMITED,K-RERA/PRJ/213/2020,05/06/2023
SHANOOR METRO SQUARE,SHANOOR PROJECTS,K-RERA/PRJ/189/2020,17/01/2025
ELITE LA PRISTINE PHASE 1,ELITE GARDENIA LLP,K-RERA/PRJ/324/2020,20/01/2025
SHANOOR PALMS,SHANOOR PROJECTS AND REALTORS PVT LTD,K-RERA/PRJ/093/2021,17/01/2025
VICTORIA REALTORS ASHIRVAAD,DHARMIC LIVING PVT LTD,K-RERA/PRJ/088/2021,28/10/2023
Oceanus Sunshine Phase II,Oceanus Dwellings Pvt Ltd,K-RERA/PRJ/108/2021,03/06/2023
Kent Palm Grove Apartments Block II,Kent Constructions Pvt Ltd,K-RERA/PRJ/118/2020,28/10/2022
DREAMFLOWER MAGNUM OPUS,DREAM FLOWER HOUSING PROJECTS PVT LTD,K-RERA/PRJ/007/2020,17/01/2025
DREAMFLOWER SANTA MARIA,DREAM FLOWER HOUSING PROJECTS PVT LTD,K-RERA/PRJ/024/2020,17/01/2025
ORCHID HEIGHTS,PALATTY BUILDERS PVT LTD,K-RERA/PRJ/317/2020,18/05/2024
DREAMFLOWER LA-CASITA,DREAM FLOWER HOUSING PROJECTS PVT LTD,K-RERA/PRJ/114/2021,17/01/2025
LIFE SPACE,KCC HOMES,K-RERA/PRJ/086/2021,27/08/2024
UNDER THE BLUE SKY,ICLOUD HOMES PRIVATE LIMITED,K-RERA/PRJ/166/2020,23/01/2025
VRINDAVAN HEIGHTS,SILPI VRINDAVAN,K-RERA/PRJ/071/2021,02/01/2025
"LADDER THARAVAD, OTTAPPALAM",Kerala Land Reforms And Development Co operative Society Ltd No 4482,K-RERA/PRJ/165/2020,07/06/2023
SKYLINE PEARL,M/s Skyline Builders,K-RERA/PRJ/300/2020,18/01/2025
"Muthoot Homez, Akkulam",MPG Hotels & Infrastructure Ventures Private Limited,K-RERA/PRJ/90/2020,26/12/2024
"Muthoot Homez, Akkulam",MPG Hotels & Infrastructure Ventures Private Limited,K-RERA/PRJ/90/2020,26/12/2024
ECOPARADISE,PAUL ALUKKAS DEVELOPERS PRIVATE LIMITED,K-RERA/PRJ/089/2021,24/11/2022
Cheloor The Eyrie,Cheloor Property Development Projects Ltd,K-RERA/PRJ/110/2020,25/01/2025
CONFIDENT FLORIS,Confident Projects Residential,K-RERA/PRJ/249/2020,17/01/2025
VEEGALAND ZINNIA,VEEGALAND DEVELOPERS PRIVATE LIMITED,K-RERA/PRJ/038/2020,18/01/2025
VEEGALAND KINGS FORT,VEEGALAND DEVELOPERS PRIVATE LIMITED,K-RERA/PRJ/031/2020,18/01/2025
SKYLINE ARISTOCRAT,M/s Skyline Builders,K-RERA/PRJ/173/2020,18/01/2025
VEEGALAND EXOTICA,VEEGALAND DEVELOPERS PRIVATE LIMITED,K-RERA/PRJ/039/2020,18/01/2025
SKYLINE HAZEL,M/s Skyline Builders,K-RERA/PRJ/034/2021,24/01/2025
SKYLINE OPUS,M/s Skyline Builders,K-RERA/PRJ/171/2020,18/01/2025
SKYLINE EPIC,M/s Skyline Builders,K-RERA/PRJ/172/2020,18/01/2025
SKYLINE POLARIS,M/s Skyline Builders,K-RERA/PRJ/169/2020,18/01/2025
VEEGALAND THEJUS,VEEGALAND DEVELOPERS PRIVATE LIMITED,K-RERA/PRJ/040/2020,18/01/2025
Oceanus Moonstone IV,Oceanus Dwellings Pvt Ltd,K-RERA/PRJ/238/2020,27/08/2024
VEEGALAND BLISS,VEEGALAND DEVELOPERS PRIVATE LIMITED,K-RERA/PRJ/115/2020,18/01/2025
CONDOR CYBER GARDENS CARNATIONS,CONDOR BUILDERS PVT LTD,K-RERA/PRJ/076/2020,08/06/2023
Riddhi Siddhi Apartment,BHARATH RASIKLAL SHAH,K-RERA/PRJ/041/2021,17/03/2023
SKYLINE WINDMILL,M/s Skyline Builders,K-RERA/PRJ/170/2020,18/01/2025
ASSET PLATINA,ASSET HOMES PRIVATE LIMITED,K-RERA/PRJ/225/2020,01/02/2025
VICTORIA REALTORS AMRUTHAM,DHARMIC LIVING PVT LTD,K-RERA/PRJ/077/2020,07/04/2023
CONFIDENT CYGNUS,Confident Projects Residential,K-RERA/PRJ/049/2020,17/01/2025
CONFIDENT CYGNUS,Confident Projects Residential,K-RERA/PRJ/049/2020,17/01/2025
AC SAMRUDHI,AC CITY PROJECTS PVT LTD,K-RERA/PRJ/092/2020,16/11/2022
V3 AVONLEA,Vthree Homes And Infrastructure India Private Limited,K-RERA/PRJ/006/2021,06/06/2023
DREAMFLOWER KALOPSIA,DREAM FLOWER HOUSING PROJECTS PVT LTD,K-RERA/PRJ/022/2020,17/01/2025
DREAMFLOWER BELCANTO,DREAM FLOWER HOUSING PROJECTS PVT LTD,K-RERA/PRJ/014/2020,17/01/2025
NANMA EASTFORT,NANMA PROPERTIES LTD,K-RERA/PRJ/ERN/004/2021,17/01/2025
SECURA CENTRE KANNUR,Secura Developers Pvt Ltd,K-RERA/PRJ/060/2020,29/11/2022
KRISHNA GEETHAM APARTMENT,KRISHNA PROPERTY DEVELOPERS,K-RERA/PRJ/135/2020,03/04/2024
SAMRAKSHA HOMES,Samraksha Habitat Private Limited,K-RERA/PRJ/ERN/003/2021,27/12/2024
GOOD EARTH MODERN TIMES,GOOD EARTH INDIA INFRA LIMITED,K-RERA/PRJ/028/2020,08/08/2023
Ghazal Rhythm,Ghazal Builders & Developers LLP,K-RERA/PRJ/310/2020,23/01/2025
ANTHEM,Prime Property Developers,K-RERA/PRJ/085/2020,18/01/2025
VICTORIA REALTORS PRATHANA,DHARMIC LIVING PVT LTD,K-RERA/PRJ/073/2020,28/10/2023
GRAND AQUA,KCC PROJECTS,K-RERA/PRJ/359/2020,12/02/2024
SREEPAVANAPURI APARTMENT,sreepavanapuri constructors LLP,K-RERA/PRJ/016/2021,03/08/2023
Cordial Rise,Cordial Properties India Pvt Ltd,K-RERA/PRJ/028/2021,09/01/2025
SHANOOR NALANDA,SHANOOR PROJECTS AND REALTORS PVT LTD,K-RERA/PRJ/167/2020,17/01/2025
REIGATE SERENITY,REIGATE BUILDERS PRIVATE LIMITED,K-RERA/PRJ/323/2020,05/04/2024
REIGATE MARINA,REIGATE BUILDERS PRIVATE LIMITED,K-RERA/PRJ/255/2020,30/06/2022
Oceanus Mythrika,Oceanus Dwellings Pvt Ltd,K-RERA/PRJ/243/2020,08/04/2024
Oceanus Sunshine Phase I,Oceanus Dwellings Pvt Ltd,K-RERA/PRJ/090/2021,03/06/2023
ELITE INSIGNIA PHASE 1,ELITE GARDENIA LLP,K-RERA/PRJ/074/2020,20/01/2025
SKYLINE AVENUE SUITES,M/s Skyline Builders,K-RERA/PRJ/168/2020,18/01/2025
"VSC Homes, MILAN CASTLE",VSC HOMES PRIVATE LIMITED,K-RERA/PRJ/211/2020,17/01/2025
TEMPLE TREE,SI Property Kerala Private Limited,K-RERA/PRJ/160/2020,11/02/2025
THE GARDENIA BY FAVOURITE HOMES,FAVOURITE CONSTRUCTIONS PRIVATE LIMITED,K-RERA/PRJ/005/2020,27/01/2025
SHANOOR AMAR VISTA,SHANOOR PROJECTS,K-RERA/PRJ/279/2020,27/01/2025
"Muthoot Homez, Kowdiar",MPG Hotels & Infrastructure Ventures Private Limited,K-RERA/PRJ/061/2020,02/01/2024
THE RAINBOW,ALIVE LIFESPACES,K-RERA/PRJ/142/2020,17/03/2022
OMG THE ADDRESS,OMG PROPERTIES,K-RERA/PRJ/350/2020,12/11/2024
OMG MARBELLA,OMG PROPERTIES,K-RERA/PRJ/285/2020,12/11/2024
MELONWOOD REJOYZ,Melonwood Homes Private Limited,K-RERA/PRJ/151/2020,05/04/2023
SKYLINE BLUE VISTA,M/s Skyline Builders,K-RERA/PRJ/175/2020,18/01/2025
CONFIDENT PINNACLE,Confident Projects Residential,K-RERA/PRJ/102/2020,17/01/2025
FINSYZ VACATION HOMES,FINSYZ VACATION HOMES LLP,K-RERA/PRJ/053/2020,10/08/2022
TRITON CRESCENT,CRESCENT BUILDERS,K-RERA/PRJ/037/2020,18/01/2025
SKYLINE GRAND TERRACE,M/s Skyline Builders,K-RERA/PRJ/176/2020,18/01/2025
TBPL RIO GRANDE,Thrissur Builders Private Limited,K-RERA/PRJ/048/2020,31/10/2023
SILVER SPRINGS,T CUBE PROJECTS PVT LTD,K-RERA/PRJ/067/2021,19/12/2024
GALAXY DELIGHT,USHUS KUMAR SADASIVAN,K-RERA/PRJ/018/2021,26/04/2023
Padmalaya,Promag Realtors & Developers Pvt Ltd,K-RERA/PRJ/132/2020,25/11/2022
MB Urbanville,Prime Property Developers,K-RERA/PRJ/265/2020,18/01/2025
