state,unmatched_registration_number
Haryana,GGM/554/286/2022/29DATED25.04.2022
Haryana,GGM/620/352/2022/95
West Bengal,HIRA/P/KOL/2020/001014
Gujarat,PR/GJ/AHMEDABAD/AHMEDABAD CITY/AUDA/RAA03063/030718
Gujarat,PR/GJ/AHMEDABAD/AHMEDABAD CITY/AUDA/RAA07393/A1R/080921
Gujarat,PR/GJ/AHMEDABAD/DASKROI/AUDA/RAA01520/030218
Gujarat,PR/GJ/VADODARA/VADODARA/Others/MAA12043/280623
Gujarat,PR/GJ/VADODARA/VADODARA/Others/RAA10185/120522
Rajasthan,RAJ/P/2017/051
Rajasthan,RAJ/P/2020/1390
Rajasthan,RAJ/P/2022/2207
Rajasthan,RAJ/P/2024/2997
Telangana,?P02400001517
Haryana,03 OF 2017
Haryana,05 OF 2017
Haryana,101 O 2017
Haryana,112 OF 2017
Haryana,113 OF 2017
Haryana,115 OF 2017
Haryana,118 OF 2017
Haryana,120OF2017
Haryana,125 OF 2017
Haryana,130 OF 2017
Haryana,133 OF 2017
Haryana,137 OF 2017
Haryana,15 OF 2018
Haryana,164 OF 2017
Haryana,165OF2017DATED29.08.2017
Haryana,17 of 2018
Haryana,178 OF 2017
Haryana,181 OF 2017
Haryana,184 OF 2017
Haryana,186 OF 2017
Haryana,199OF2017DATED15.9.2017
Haryana,200OF2017DATED15.9.2017
Haryana,21 of 2018
Haryana,215OF2017DATED18-09-2017
Haryana,23 of 2024 RC/REP/HARERA/GGM/796/528/2024/23
Haryana,232 OF 2017
Haryana,233 OF 2017
Haryana,244OF2017DATED29-09-2017
Haryana,254 OF 2017
Haryana,256 OF 2017
Haryana,279 OF 2017
Haryana,281 of 2017
Haryana,285 OF 2017
Haryana,288 OF 2017
Haryana,299 OF 2017
Haryana,306 OF 2017
Haryana,307 OF 2017
Haryana,319 OF 2017
Haryana,330 OF 2017
Haryana,336 OF 2017
Haryana,351 OF 2017
Haryana,352 OF 2017
Haryana,353 OF 2017
Haryana,36(A) OF 2017 DATED 05.12.2017
Haryana,367 OF 2017
Haryana,371 OF 2017 DATED27.11.2017
Haryana,379 of 2017
Haryana,54 OF 2019
Haryana,57(A) OF 2017
Haryana,67 DATED 06.11.2019
Haryana,73 OF 2017
Haryana,75 OF 2017
Haryana,81 of 2017
Haryana,83 OF 2017
Haryana,84 OF 2017
Haryana,86 OF 2017
Haryana,88 OF 2017
Haryana,90 OF 2017
Haryana,91 OF 2017
Haryana,96 OF 2017
Haryana,98 OF 2017
Haryana,99 OF 2017
Haryana,GGM/ 820/552/2024/47
Haryana,GGM/271/2018/03
Haryana,GGM/286/2018/18 DATED 12.10.2018
Haryana,GGM/290/2018/22 DATED 23.10.2018
Haryana,GGM/292/2018/24
Haryana,GGM/295/2018/27
Haryana,GGM/300/2018/32
Haryana,GGM/301/2018/33
Haryana,GGM/302/2018/34
Haryana,GGM/316/48/2019/10
Haryana,GGM/324/56/2019/18
Haryana,GGM/325/57/2019/19
Haryana,GGM/331/63/2019/25
Haryana,GGM/334/66/2019/28
Haryana,GGM/340/72/2019/34
Haryana,GGM/361/93/2019/55
Haryana,GGM/369/101/2019/63
Haryana,GGM/384/116/2019/78
Haryana,GGM/393/125/2020/09
Haryana,GGM/395/127/2020/11
Haryana,GGM/440/172/2021/08
Haryana,GGM/444/176/2021/12
Haryana,GGM/445/177/2021/13 DATED22.03.2021
Haryana,GGM/446/178/2021/14 DATED22.03.2021
Haryana,GGM/455/187/2021/23 DATED15.06.2021
Haryana,GGM/456/188/2021/24 DATED15.06.2021
Haryana,GGM/457/189/2021/25 DATED15.06.2021
Haryana,GGM/459/191/2021/27
Haryana,GGM/462/194/2021/30
Haryana,GGM/463/195/2021/31
Haryana,GGM/470/202/2021/38
Haryana,GGM/471/203/2021/39
Haryana,GGM/475/207/2021/43 DATED17.08.2021
Haryana,GGM/477/209/2021/45
Haryana,GGM/491/223/2021/59
Haryana,GGM/522/254/2021/90 DATED20.12.2021
Haryana,GGM/531/263/2022/06
Haryana,GGM/551/283/2022/26
Haryana,GGM/561/293/2022/36
Haryana,GGM/562/294/2022/37
Haryana,GGM/572/304/2022/47
Haryana,GGM/573/305/2022/48
Haryana,GGM/579/311/2022/54
Haryana,GGM/581/313/2022/56
Haryana,GGM/589/321/2022/64 DATED18.07.2022
Haryana,GGM/612/344/2022/87
Haryana,GGM/618/350/2022/93
Haryana,GGM/619/351/2022/94
Haryana,GGM/622/354/2022/97DATED27.10.2022
Haryana,GGM/623/355/2022/98DATED27.10.2022
Haryana,GGM/624/356/2022/99
Haryana,GGM/633/365/2022/108
Haryana,GGM/639/371/2022/114
Haryana,GGM/645/377/2022/120
Haryana,GGM/646/378/2022/121DATED13.12.2022
Haryana,GGM/647/379/2022/122DATED20.12.2022
Haryana,GGM/648/380/2022/123DATED20.12.2022
Haryana,GGM/650/382/2022/125
Haryana,GGM/656/388/2022/131DATED23.12.2022
Haryana,GGM/657/389/2023/01
Haryana,GGM/662/394/2023/06
Haryana,GGM/663/395/2023/07
Haryana,GGM/665/397/2023/09
Haryana,GGM/666/398/2023/10
Haryana,GGM/671/403/2023/15
Haryana,GGM/672/404/2023/16
Haryana,GGM/673/405/2023/17DATED23.01.2023
Haryana,GGM/681/413/2023/25
Haryana,GGM/682/414/2023/26
Haryana,GGM/685/417/2023/29DATED02.02.2023
Haryana,GGM/687/419/2023/31
Haryana,GGM/688/420/2023/32
Haryana,GGM/689/421/2023/33DATED02.02.2023
Haryana,GGM/694/426/2023/38
Haryana,GGM/695/427/2023/39
Haryana,GGM/712/444/2023/56DATED08.05.2023
Haryana,GGM/731/463/2023/75DATED10.07.2023
Haryana,GGM/734/466/2023/78DATED17.07.2023
Haryana,GGM/735/467/2023/79
Haryana,GGM/741/473/2023/85
Haryana,GGM/746/478/2023/90
Haryana,GGM/756/488/2023/100
Haryana,GGM/761/493/2023/105DATED04.12.2023
Haryana,GGM/767/499/2023/111
Haryana,GGM/783/515/2024/10DATED07.02.2024
Haryana,GGM/787/519/2024
Haryana,GGM/799/531/2024/26
Haryana,GGM/802/534/2024/29
Haryana,GGM/808/540/2024/35
Haryana,GGM/812/544/2024/39
Haryana,GGM/818/550/2024/45
Haryana,GGM/819/551/2024/46
Haryana,GGM/821/553/2024/48
Haryana,GGM/823/ 555/2024/50
Haryana,GGM/824/556/2024/51
Haryana,GGM/826/558/2024/53
Haryana,GGM/828/560/2024/55
Haryana,GGM/829/561/2024/56
Haryana,GGM/834/566/2024/61DATED12.08.2024
Haryana,GGM/842/574/2024/69
Haryana,GGM/845/577/2024/72DATED01.07.2024
Haryana,GGM/846/578/2024/73
Haryana,GGM/849/581/2024/76
Haryana,GGM/858/590/2024/85DATED12.08.2024
Haryana,GGM/860/592/2024/87
Haryana,GGM/861/593/2024/88DATED16.08.2024
Haryana,GGM/862/594/2024/89
Haryana,GGM/863/595/2024/90
Haryana,GGM/865/597/2024/92
Haryana,GGM/866/598/2024/93
Haryana,GGM/870/602/2024/97
Haryana,GGM/879/611/2024/106
Haryana,GGM/880/612/2024/107
Haryana,GGM/881/613/2024/108
Haryana,GGM/883/615/2024/110
Haryana,GGM/895/627/2024/122DATED16.12.2024
Haryana,GGM/896/628/2024/123
West Bengal,HIRA/P/DAR/2020/000795
West Bengal,HIRA/P/HOO/2018/000005
West Bengal,HIRA/P/HOO/2018/000046
West Bengal,HIRA/P/HOO/2019/000353
West Bengal,HIRA/P/HOO/2019/000635
West Bengal,HIRA/P/HOO/2019/000654
West Bengal,HIRA/P/HOO/2020/000906
West Bengal,HIRA/P/HOW/2018/000164
West Bengal,HIRA/P/HOW/2018/000165
West Bengal,HIRA/P/HOW/2018/000281
West Bengal,HIRA/P/HOW/2020/000868
West Bengal,HIRA/P/HOW/2021/001190
West Bengal,HIRA/P/HOW/2021/001190
West Bengal,HIRA/P/KOL/2018/000033
West Bengal,HIRA/P/KOL/2018/000035
West Bengal,HIRA/P/KOL/2018/000036
West Bengal,HIRA/P/KOL/2018/000050
West Bengal,HIRA/P/KOL/2018/000075
West Bengal,HIRA/P/KOL/2018/000096
West Bengal,HIRA/P/KOL/2018/000118
West Bengal,HIRA/P/KOL/2018/000177
West Bengal,HIRA/P/KOL/2018/000182
West Bengal,HIRA/P/KOL/2018/000257
West Bengal,HIRA/P/KOL/2018/000274
West Bengal,HIRA/P/KOL/2019/000325
West Bengal,HIRA/P/KOL/2019/000326
West Bengal,HIRA/P/KOL/2019/000330
West Bengal,HIRA/P/KOL/2019/000341
West Bengal,HIRA/P/KOL/2019/000366
West Bengal,HIRA/P/KOL/2019/000383
West Bengal,HIRA/P/KOL/2019/000384
West Bengal,HIRA/P/KOL/2019/000414
West Bengal,HIRA/P/KOL/2019/000415
West Bengal,HIRA/P/KOL/2019/000567
West Bengal,HIRA/P/KOL/2019/000600
West Bengal,HIRA/P/KOL/2020/000778
West Bengal,HIRA/P/SOU/2018/000009
West Bengal,HIRA/P/SOU/2018/000015
West Bengal,HIRA/P/SOU/2018/000023
West Bengal,HIRA/P/SOU/2018/000028
West Bengal,HIRA/P/SOU/2018/000031
West Bengal,HIRA/P/SOU/2018/000041
West Bengal,HIRA/P/SOU/2018/000042
West Bengal,HIRA/P/SOU/2018/000043
West Bengal,HIRA/P/SOU/2018/000068
West Bengal,HIRA/P/SOU/2018/000119
West Bengal,HIRA/P/SOU/2018/000129
West Bengal,HIRA/P/SOU/2018/000131
West Bengal,HIRA/P/SOU/2018/000134
West Bengal,HIRA/P/SOU/2018/000137
West Bengal,HIRA/P/SOU/2018/000141
West Bengal,HIRA/P/SOU/2018/000159
West Bengal,HIRA/P/SOU/2018/000160
West Bengal,HIRA/P/SOU/2018/000163
West Bengal,HIRA/P/SOU/2018/000167
West Bengal,HIRA/P/SOU/2018/000168
West Bengal,HIRA/P/SOU/2018/000169
West Bengal,HIRA/P/SOU/2018/000217
West Bengal,HIRA/P/SOU/2018/000219
West Bengal,HIRA/P/SOU/2018/000245
West Bengal,HIRA/P/SOU/2018/000275
West Bengal,HIRA/P/SOU/2018/000305
West Bengal,HIRA/P/SOU/2018/000309
West Bengal,HIRA/P/SOU/2019/000318
West Bengal,HIRA/P/SOU/2019/000338
West Bengal,HIRA/P/SOU/2019/000351
West Bengal,HIRA/P/SOU/2019/000352
West Bengal,HIRA/P/SOU/2019/000357
West Bengal,HIRA/P/SOU/2019/000423
West Bengal,HIRA/P/SOU/2019/000432
West Bengal,HIRA/P/SOU/2019/000440
West Bengal,HIRA/P/SOU/2019/000451
West Bengal,HIRA/P/SOU/2019/000451
West Bengal,HIRA/P/SOU/2019/000453
West Bengal,HIRA/P/SOU/2019/000455
West Bengal,HIRA/P/SOU/2019/000456
West Bengal,HIRA/P/SOU/2019/000521
West Bengal,HIRA/P/SOU/2019/000524
West Bengal,HIRA/P/SOU/2019/000588
West Bengal,HIRA/P/SOU/2019/000609
West Bengal,HIRA/P/SOU/2020/000767
West Bengal,HIRA/P/SOU/2020/000814
West Bengal,HIRA/P/SOU/2020/000840
West Bengal,HIRA/P/SOU/2020/000845
West Bengal,HIRA/P/SOU/2020/000984
West Bengal,HIRA/P/SOU/2020/000992
West Bengal,HIRA/P/SOU/2020/001079
Haryana,HRERA No.197/207/2017
Haryana,HRERA-01 of 2017
Haryana,HRERA-04OF2017
Haryana,HRERA-10OF2017
Haryana,HRERA-136 of 2017
Haryana,HRERA-13OF2017
Haryana,HRERA-150 of 2017
Haryana,HRERA-180 of 2017
Haryana,HRERA-2018/1394/265
Haryana,HRERA-202 of 2017
Haryana,HRERA-208 of 2017
Haryana,HRERA-22OF2017
Haryana,HRERA-25OF2017
Haryana,HRERA-318of2017
Haryana,HRERA-31OF2017
Haryana,HRERA-328of2017
Haryana,HRERA-345of2017
Haryana,HRERA-385 of 2017
Haryana,HRERA-386 of 2017
Haryana,HRERA-41OF2017
Haryana,HRERA-43 of 2017
Haryana,HRERA-95-2017
Haryana,HRERA-PKL-FBD-19-2018DATED:02-06-2018
Haryana,HRERA-PKL-JJR-267-2021
Haryana,HRERA-PKL-JJR-327-2022
Haryana,HRERA-PKL-JJR-615-2024
Haryana,HRERA-PKL-JJR-616-2024
Haryana,HRERA-PKL-JJR-620-2024
Haryana,HRERA-PKL-PWL-568-2024
Haryana,HRERA-PKL-RWR-206-2020
Haryana,HRERA-PKL-SNP-172-2019
Haryana,HRERA-PKL-SNP-212-2020
Haryana,HRERA-PKL-SNP-348-2022
Haryana,HRERA-PKL-SNP-496-2023
Haryana,HRERA-PKL-SNP-588-2024
Kerala,K‐RERA/PRJ/ERN/109/2022
Kerala,K‐RERA/PRJ/KKD/242/2024
Kerala,K‐RERA/PRJ/TVM/121/2022
Kerala,K‐RERA/PRJ/TVM/133/2022
West Bengal,P01800005523
Goa,P52900017742
Punjab,PBRERA-SAS79-PC0267
Chandigarh,PBRERA-SAS80- PC0062
Punjab,PBRERA-SAS80- PR0079
Punjab,PBRERA-SAS80-PM0021
Punjab,PBRERA-SAS80-PM0027
Punjab,PBRERA-SAS80-PM0166
Punjab,PBRERA-SAS81-PM0003
Punjab,PBRERA-SAS81-PM0004
Punjab,PBRERA-SAS81-PM0006
Punjab,PBRERA-SAS81-PM0072
Punjab,PBRERA-SAS81-PM0121
Telangana,PO1100005741
Madhya Pradesh,P-OBD-17-903
Maharashtra,PP1190002400092
Maharashtra,PP1260002400083
Gujarat,PR/GJ/AHME/DASKROI/Ahmedabad Municipal Corporation/RN4AA09904/080422
Gujarat,PR/GJ/AHMEDABAD CITY/AUDA/RAA09989/310322
Gujarat,PR/GJ/AHMEDABAD/AHMADABAD CITY/AUDA/MAA00061/EX2/280120
Gujarat,PR/GJ/AHMEDABAD/AHMADABAD CITY/AUDA/RAA00169/A2R/EX1/170822
Gujarat,PR/GJ/AHMEDABAD/AHMADABADCITY/AUDA/MAA00146/140917
Gujarat,PR/GJ/AHMEDABAD/AHMADABADCITY/AUDA/RAA00016/280817
Gujarat,PR/GJ/AHMEDABAD/AHMADABADCITY/AUDA/RAA00076/050917
Gujarat,PR/GJ/AHMEDABAD/AHMEDABAD CITY/Ahmedabad Municipal Corporation/MAA10675/A2M/101224/250327
Gujarat,PR/GJ/AHMEDABAD/AHMEDABAD CITY/Ahmedabad Municipal Corporation/MAA12908/120224/311227
Gujarat,PR/GJ/AHMEDABAD/AHMEDABAD CITY/Ahmedabad Municipal Corporation/MAA12971/200224/311228
Gujarat,PR/GJ/AHMEDABAD/AHMEDABAD CITY/Ahmedabad Municipal Corporation/MAA12974/200224/310329
Gujarat,PR/GJ/AHMEDABAD/AHMEDABAD CITY/Ahmedabad Municipal Corporation/MAA13044/270224/310327
Gujarat,PR/GJ/AHMEDABAD/AHMEDABAD CITY/Ahmedabad Municipal Corporation/MAA13691/180624/311227
Gujarat,PR/GJ/AHMEDABAD/AHMEDABAD CITY/Ahmedabad Municipal Corporation/MAA13882/290724/311228
Gujarat,PR/GJ/AHMEDABAD/AHMEDABAD CITY/Ahmedabad Municipal Corporation/MAA13912/290724/311228
Gujarat,PR/GJ/AHMEDABAD/AHMEDABAD CITY/Ahmedabad Municipal Corporation/MAA14068/020924/311228
Gujarat,PR/GJ/AHMEDABAD/AHMEDABAD CITY/Ahmedabad Municipal Corporation/MAA14293/211024/311228
Gujarat,PR/GJ/AHMEDABAD/AHMEDABAD CITY/Ahmedabad Municipal Corporation/MN106AA10006/110722
Gujarat,PR/GJ/AHMEDABAD/AHMEDABAD CITY/Ahmedabad Municipal Corporation/MN228AA10128/211022
Gujarat,PR/GJ/AHMEDABAD/AHMEDABAD CITY/Ahmedabad Municipal Corporation/MN60AA09960/060622
Gujarat,PR/GJ/AHMEDABAD/AHMEDABAD CITY/Ahmedabad Municipal Corporation/MN94AA09994/270622
Gujarat,PR/GJ/AHMEDABAD/AHMEDABAD CITY/Ahmedabad Municipal Corporation/RAA12755/050124/300630
Gujarat,PR/GJ/AHMEDABAD/AHMEDABAD CITY/Ahmedabad Municipal Corporation/RAA13078/050324/311229
Gujarat,PR/GJ/AHMEDABAD/AHMEDABAD CITY/Ahmedabad Municipal Corporation/RAA13100/070324/300927
Gujarat,PR/GJ/AHMEDABAD/AHMEDABAD CITY/Ahmedabad Municipal Corporation/RAA13113/110324/311226
Gujarat,PR/GJ/AHMEDABAD/AHMEDABAD CITY/Ahmedabad Municipal Corporation/RAA13632/040624/310330
Gujarat,PR/GJ/AHMEDABAD/AHMEDABAD CITY/Ahmedabad Municipal Corporation/RAA13916/310724/311228
Gujarat,PR/GJ/AHMEDABAD/AHMEDABAD CITY/Ahmedabad Municipal Corporation/RN64AA09964/060622
Gujarat,PR/GJ/AHMEDABAD/AHMEDABAD CITY/Ahmedabad Urban Development Authority/MAA13776/010724/300329
Gujarat,PR/GJ/AHMEDABAD/AHMEDABAD CITY/Ahmedabad Urban Development Authority/MAA13989/120824/300429
Gujarat,PR/GJ/AHMEDABAD/AHMEDABAD CITY/Ahmedabad Urban Development Authority/RAA13375/230424/311228
Gujarat,PR/GJ/AHMEDABAD/AHMEDABAD CITY/Ahmedabad Urban Development Authority/RAA14084/020924/300929
Gujarat,PR/GJ/AHMEDABAD/AHMEDABAD CITY/AUDA/CAA07151/A1M/240321
Gujarat,PR/GJ/AHMEDABAD/AHMEDABAD CITY/AUDA/MAA00412/A1M/150620
Gujarat,PR/GJ/AHMEDABAD/AHMEDABAD CITY/AUDA/MAA03667/A1M/EX1/010122
Gujarat,PR/GJ/AHMEDABAD/AHMEDABAD CITY/AUDA/MAA05773/230719
Gujarat,PR/GJ/AHMEDABAD/AHMEDABAD CITY/AUDA/MAA06127/A2M/281021
Gujarat,PR/GJ/AHMEDABAD/AHMEDABAD CITY/AUDA/MAA06191/181019
Gujarat,PR/GJ/AHMEDABAD/AHMEDABAD CITY/AUDA/MAA06586/080120
Gujarat,PR/GJ/AHMEDABAD/AHMEDABAD CITY/AUDA/MAA06740/050220
Gujarat,PR/GJ/AHMEDABAD/AHMEDABAD CITY/AUDA/MAA07437/080920
Gujarat,PR/GJ/AHMEDABAD/AHMEDABAD CITY/AUDA/MAA07437/A1M/040921
Gujarat,PR/GJ/AHMEDABAD/AHMEDABAD CITY/AUDA/MAA07689/A1M/280921
Gujarat,PR/GJ/AHMEDABAD/AHMEDABAD CITY/AUDA/MAA07770/141220
Gujarat,PR/GJ/AHMEDABAD/AHMEDABAD CITY/AUDA/MAA08006/050221
Gujarat,PR/GJ/AHMEDABAD/AHMEDABAD CITY/AUDA/MAA08177/A1M/220923
Gujarat,PR/GJ/AHMEDABAD/AHMEDABAD CITY/AUDA/MAA08196/A1M/220923
Gujarat,PR/GJ/AHMEDABAD/AHMEDABAD CITY/AUDA/MAA08471/140521
Gujarat,PR/GJ/AHMEDABAD/AHMEDABAD CITY/AUDA/MAA08613/140621
Gujarat,PR/GJ/AHMEDABAD/AHMEDABAD CITY/AUDA/MAA08713/030721
Gujarat,PR/GJ/AHMEDABAD/AHMEDABAD CITY/AUDA/MAA08765/140721
Gujarat,PR/GJ/AHMEDABAD/AHMEDABAD CITY/AUDA/MAA08901/130821
Gujarat,PR/GJ/AHMEDABAD/AHMEDABAD CITY/AUDA/MAA09171/111021
Gujarat,PR/GJ/AHMEDABAD/AHMEDABAD CITY/AUDA/MAA09198/181021
Gujarat,PR/GJ/AHMEDABAD/AHMEDABAD CITY/AUDA/MAA09863/280222
Gujarat,PR/GJ/AHMEDABAD/AHMEDABAD CITY/AUDA/MAA09900/090322
Gujarat,PR/GJ/AHMEDABAD/AHMEDABAD CITY/AUDA/MAA10483/200722
Gujarat,PR/GJ/AHMEDABAD/AHMEDABAD CITY/AUDA/MAA10737/041022
Gujarat,PR/GJ/AHMEDABAD/AHMEDABAD CITY/AUDA/MAA10830/201022
Gujarat,PR/GJ/AHMEDABAD/AHMEDABAD CITY/AUDA/MAA11068/271222
Gujarat,PR/GJ/AHMEDABAD/AHMEDABAD CITY/AUDA/MAA11096/291222
Gujarat,PR/GJ/AHMEDABAD/AHMEDABAD CITY/AUDA/MAA11120/311222
Gujarat,PR/GJ/AHMEDABAD/AHMEDABAD CITY/AUDA/MAA11341/030323
Gujarat,PR/GJ/AHMEDABAD/AHMEDABAD CITY/AUDA/MAA11436/A1M/030623
Gujarat,PR/GJ/AHMEDABAD/AHMEDABAD CITY/AUDA/MAA11517/270323
Gujarat,PR/GJ/AHMEDABAD/AHMEDABAD CITY/AUDA/MAA11917/060623
Gujarat,PR/GJ/AHMEDABAD/AHMEDABAD CITY/AUDA/MAA12022/280623
Gujarat,PR/GJ/AHMEDABAD/AHMEDABAD CITY/AUDA/MAA12108/070723
Gujarat,PR/GJ/AHMEDABAD/AHMEDABAD CITY/AUDA/MAA12144/100723
Gujarat,PR/GJ/AHMEDABAD/AHMEDABAD CITY/AUDA/MAA12235/310823
Gujarat,PR/GJ/AHMEDABAD/AHMEDABAD CITY/AUDA/MAA12447/131023
Gujarat,PR/GJ/AHMEDABAD/AHMEDABAD CITY/AUDA/MAA12635/161123
Gujarat,PR/GJ/AHMEDABAD/AHMEDABAD CITY/AUDA/MAA12694/161123
Gujarat,PR/GJ/AHMEDABAD/AHMEDABAD CITY/AUDA/MAA12852/030224/310530
Gujarat,PR/GJ/AHMEDABAD/AHMEDABAD CITY/AUDA/RAA00442/141017
Gujarat,PR/GJ/AHMEDABAD/AHMEDABAD CITY/AUDA/RAA00497/181017
Gujarat,PR/GJ/AHMEDABAD/AHMEDABAD CITY/AUDA/RAA00498/181017
Gujarat,PR/GJ/AHMEDABAD/AHMEDABAD CITY/AUDA/RAA00576/021117
Gujarat,PR/GJ/AHMEDABAD/AHMEDABAD CITY/AUDA/RAA00874/A1R/EX1/010621
Gujarat,PR/GJ/AHMEDABAD/AHMEDABAD CITY/AUDA/RAA01511/030218
Gujarat,PR/GJ/AHMEDABAD/AHMEDABAD CITY/AUDA/RAA01521/030218
Gujarat,PR/GJ/AHMEDABAD/AHMEDABAD CITY/AUDA/RAA01824/010318
Gujarat,PR/GJ/AHMEDABAD/AHMEDABAD CITY/AUDA/RAA01901/070318
Gujarat,PR/GJ/AHMEDABAD/AHMEDABAD CITY/AUDA/RAA02005/150318
Gujarat,PR/GJ/AHMEDABAD/AHMEDABAD CITY/AUDA/RAA02979/220618
Gujarat,PR/GJ/AHMEDABAD/AHMEDABAD CITY/AUDA/RAA03398/120918
Gujarat,PR/GJ/AHMEDABAD/AHMEDABAD CITY/AUDA/RAA03638/A2R/240122
Gujarat,PR/GJ/AHMEDABAD/AHMEDABAD CITY/AUDA/RAA04138/271118
Gujarat,PR/GJ/AHMEDABAD/AHMEDABAD CITY/AUDA/RAA06468/131219
Gujarat,PR/GJ/AHMEDABAD/AHMEDABAD CITY/AUDA/RAA06978/A2R/310523
Gujarat,PR/GJ/AHMEDABAD/AHMEDABAD CITY/AUDA/RAA07126/A1R/100321
Gujarat,PR/GJ/AHMEDABAD/AHMEDABAD CITY/AUDA/RAA07132/A1R/311220
Gujarat,PR/GJ/AHMEDABAD/AHMEDABAD CITY/AUDA/RAA07419/A1R/010121
Gujarat,PR/GJ/AHMEDABAD/AHMEDABAD CITY/AUDA/RAA07800/181220
Gujarat,PR/GJ/AHMEDABAD/AHMEDABAD CITY/AUDA/RAA08770/140721
Gujarat,PR/GJ/AHMEDABAD/AHMEDABAD CITY/AUDA/RAA09057/150921
Gujarat,PR/GJ/AHMEDABAD/AHMEDABAD CITY/AUDA/RAA09077/A1R/040422
Gujarat,PR/GJ/AHMEDABAD/AHMEDABAD CITY/AUDA/RAA09415/031221
Gujarat,PR/GJ/AHMEDABAD/AHMEDABAD CITY/AUDA/RAA09547/251221
Gujarat,PR/GJ/AHMEDABAD/AHMEDABAD CITY/AUDA/RAA09838/210222
Gujarat,PR/GJ/AHMEDABAD/AHMEDABAD CITY/AUDA/RAA10154/050522
Gujarat,PR/GJ/AHMEDABAD/AHMEDABAD CITY/AUDA/RAA10292/080622
Gujarat,PR/GJ/AHMEDABAD/AHMEDABAD CITY/AUDA/RAA10292/A1R/050423
Gujarat,PR/GJ/AHMEDABAD/AHMEDABAD CITY/AUDA/RAA10581/240822
Gujarat,PR/GJ/AHMEDABAD/AHMEDABAD CITY/AUDA/RAA10653/120922
Gujarat,PR/GJ/AHMEDABAD/AHMEDABAD CITY/AUDA/RAA10656/130922
Gujarat,PR/GJ/AHMEDABAD/AHMEDABAD CITY/AUDA/RAA10685/230922
Gujarat,PR/GJ/AHMEDABAD/AHMEDABAD CITY/AUDA/RAA10879/111122
Gujarat,PR/GJ/AHMEDABAD/AHMEDABAD CITY/AUDA/RAA11115/311222
Gujarat,PR/GJ/AHMEDABAD/AHMEDABAD CITY/AUDA/RAA11836/230523
Gujarat,PR/GJ/AHMEDABAD/AHMEDABAD CITY/AUDA/RAA11845/240523
Gujarat,PR/GJ/AHMEDABAD/AHMEDABAD CITY/AUDA/RAA11846/240523
Gujarat,PR/GJ/AHMEDABAD/AHMEDABAD CITY/AUDA/RAA11871/300523
Gujarat,PR/GJ/AHMEDABAD/AHMEDABAD CITY/AUDA/RAA12006/230623
Gujarat,PR/GJ/AHMEDABAD/AHMEDABAD CITY/AUDA/RAA12257/010923
Gujarat,PR/GJ/AHMEDABAD/AHMEDABAD CITY/AUDA/RAA12513/211023
Gujarat,PR/GJ/AHMEDABAD/AHMEDABAD CITY/AUDA/RAA12526/251023
Gujarat,PR/GJ/AHMEDABAD/AHMEDABADCITY/AhmedabadMunicipalCorporation/MAA00922/A1M/EX1/120824/090626
Gujarat,PR/GJ/AHMEDABAD/AHMEDABADCITY/AhmedabadMunicipalCorporation/MAA13102/070324/310327
Gujarat,PR/GJ/AHMEDABAD/AHMEDABADCITY/AhmedabadMunicipalCorporation/MAA13346/180424/310329
Gujarat,PR/GJ/AHMEDABAD/AHMEDABADCITY/AhmedabadMunicipalCorporation/MAA13395/250424/311228
Gujarat,PR/GJ/AHMEDABAD/AHMEDABADCITY/AhmedabadMunicipalCorporation/MAA13749/290624/311228
Gujarat,PR/GJ/AHMEDABAD/AHMEDABADCITY/AhmedabadMunicipalCorporation/MAA13781/010724/310327
Gujarat,PR/GJ/AHMEDABAD/AHMEDABADCITY/AhmedabadMunicipalCorporation/MN23AA09923/110522
Gujarat,PR/GJ/AHMEDABAD/AHMEDABADCITY/AhmedabadMunicipalCorporation/RAA12922/120224/311228
Gujarat,PR/GJ/AHMEDABAD/AHMEDABADCITY/AhmedabadMunicipalCorporation/RAA13505/140524/311228
Gujarat,PR/GJ/AHMEDABAD/AHMEDABADCITY/AhmedabadMunicipalCorporation/RAA13592/310524/311228
Gujarat,PR/GJ/AHMEDABAD/AHMEDABADCITY/AhmedabadMunicipalCorporation/RN326AA10226/200323
Gujarat,PR/GJ/AHMEDABAD/AHMEDABADCITY/AUDA/MAA00412/111017
Gujarat,PR/GJ/AHMEDABAD/AHMEDABADCITY/AUDA/MAA00491/EX1/A1M/290419
Gujarat,PR/GJ/AHMEDABAD/AHMEDABADCITY/AUDA/MAA01370/200118
Gujarat,PR/GJ/AHMEDABAD/AHMEDABADCITY/AUDA/MAA03667/A1M/200319
Gujarat,PR/GJ/AHMEDABAD/AHMEDABADCITY/AUDA/MAA03825/251018
Gujarat,PR/GJ/AHMEDABAD/AHMEDABADCITY/AUDA/MAA04717/220119
Gujarat,PR/GJ/AHMEDABAD/AHMEDABADCITY/AUDA/MAA05773/230719
Gujarat,PR/GJ/AHMEDABAD/AHMEDABADCITY/AUDA/MAA06114/260919
Gujarat,PR/GJ/AHMEDABAD/AHMEDABADCITY/AUDA/MAA08533/010621
Gujarat,PR/GJ/AHMEDABAD/AHMEDABADCITY/AUDA/MAA08656/240621
Gujarat,PR/GJ/AHMEDABAD/AHMEDABADCITY/AUDA/MAA08691/300621
Gujarat,PR/GJ/AHMEDABAD/AHMEDABADCITY/AUDA/MAA08929/210821
Gujarat,PR/GJ/AHMEDABAD/AHMEDABADCITY/AUDA/MAA09760/310122
Gujarat,PR/GJ/AHMEDABAD/AHMEDABADCITY/AUDA/MAA09976/280322
Gujarat,PR/GJ/AHMEDABAD/AHMEDABADCITY/AUDA/MAA10099/280422
Gujarat,PR/GJ/AHMEDABAD/AHMEDABADCITY/AUDA/MAA10375/A1M/130323
Gujarat,PR/GJ/AHMEDABAD/AHMEDABADCITY/AUDA/MAA10483/A1M/210923
Gujarat,PR/GJ/AHMEDABAD/AHMEDABADCITY/AUDA/MAA11099/291222
Gujarat,PR/GJ/AHMEDABAD/AHMEDABADCITY/AUDA/MAA11599/150423
Gujarat,PR/GJ/AHMEDABAD/AHMEDABADCITY/AUDA/MAA11761/120523
Gujarat,PR/GJ/AHMEDABAD/AHMEDABADCITY/AUDA/MAA12162/180823
Gujarat,PR/GJ/AHMEDABAD/AHMEDABADCITY/AUDA/MAA12198/290823
Gujarat,PR/GJ/AHMEDABAD/AHMEDABADCITY/AUDA/MAA12207/310823
Gujarat,PR/GJ/AHMEDABAD/AHMEDABADCITY/AUDA/MAA12432/121023
Gujarat,PR/GJ/AHMEDABAD/AHMEDABADCITY/AUDA/MAA12447/131023
Gujarat,PR/GJ/AHMEDABAD/AHMEDABADCITY/AUDA/MAA12573/011123
Gujarat,PR/GJ/AHMEDABAD/AHMEDABADCITY/AUDA/MAA12715/161123
Gujarat,PR/GJ/AHMEDABAD/AHMEDABADCITY/AUDA/MAA12948/170224/310127
Gujarat,PR/GJ/AHMEDABAD/AHMEDABADCITY/AUDA/RAA00493/171017
Gujarat,PR/GJ/AHMEDABAD/AHMEDABADCITY/AUDA/RAA04138/271118
Gujarat,PR/GJ/AHMEDABAD/AHMEDABADCITY/AUDA/RAA07053/EX1/230724/310525
Gujarat,PR/GJ/AHMEDABAD/AHMEDABADCITY/AUDA/RAA07338/140820
Gujarat,PR/GJ/AHMEDABAD/AHMEDABADCITY/AUDA/RAA07393/280820
Gujarat,PR/GJ/AHMEDABAD/AHMEDABADCITY/AUDA/RAA07650/091120
Gujarat,PR/GJ/AHMEDABAD/AHMEDABADCITY/AUDA/RAA08400/030521
Gujarat,PR/GJ/AHMEDABAD/AHMEDABADCITY/AUDA/RAA08686/280621
Gujarat,PR/GJ/AHMEDABAD/AHMEDABADCITY/AUDA/RAA09078/200921
Gujarat,PR/GJ/AHMEDABAD/AHMEDABADCITY/AUDA/RAA09268/301021
Gujarat,PR/GJ/AHMEDABAD/AHMEDABADCITY/AUDA/RAA09387/301121
Gujarat,PR/GJ/AHMEDABAD/AHMEDABADCITY/AUDA/RAA09534/241221
Gujarat,PR/GJ/AHMEDABAD/AHMEDABADCITY/AUDA/RAA09578/271221
Gujarat,PR/GJ/AHMEDABAD/AHMEDABADCITY/AUDA/RAA10769/131022
Gujarat,PR/GJ/AHMEDABAD/AHMEDABADCITY/AUDA/RAA10898/111122
Gujarat,PR/GJ/AHMEDABAD/AHMEDABADCITY/AUDA/RAA11316/030323
Gujarat,PR/GJ/AHMEDABAD/AHMEDABADCITY/AUDA/RAA11720/050523
Gujarat,PR/GJ/AHMEDABAD/AHMEDABADCITY/AUDA/RAA12069/040723
Gujarat,PR/GJ/AHMEDABAD/AHMEDABADCITY/AUDA/RAA12448/131023
Gujarat,PR/GJ/AHMEDABAD/AHMEDABADCITY/AUDA/RAA13290/090424/300428
Gujarat,PR/GJ/AHMEDABAD/AHMEDABADCITY/Others/MAA10450/140722
Gujarat,PR/GJ/AHMEDABAD/DASKROI/Ahmedabad Municipal Corporation/MAA13008/210224/300627
Gujarat,PR/GJ/AHMEDABAD/DASKROI/Ahmedabad Municipal Corporation/MAA13809/080724/311228
Gujarat,PR/GJ/AHMEDABAD/DASKROI/Ahmedabad Municipal Corporation/MAA13821/080724/300328
Gujarat,PR/GJ/AHMEDABAD/DASKROI/Ahmedabad Municipal Corporation/MAA13907/290724/311227
Gujarat,PR/GJ/AHMEDABAD/DASKROI/Ahmedabad Municipal Corporation/MAA14211/300924/300628
Gujarat,PR/GJ/AHMEDABAD/DASKROI/Ahmedabad Municipal Corporation/MAA14399/121124/310328
Gujarat,PR/GJ/AHMEDABAD/DASKROI/Ahmedabad Municipal Corporation/MAA14409/141124/310728
Gujarat,PR/GJ/AHMEDABAD/DASKROI/Ahmedabad Municipal Corporation/MAA14658/070125/311228
Gujarat,PR/GJ/AHMEDABAD/DASKROI/Ahmedabad Municipal Corporation/MN187AA10087/150922
Gujarat,PR/GJ/AHMEDABAD/DASKROI/Ahmedabad Municipal Corporation/MN292AA10192/020123
Gujarat,PR/GJ/AHMEDABAD/DASKROI/Ahmedabad Municipal Corporation/RAA13665/100624/310329
Gujarat,PR/GJ/AHMEDABAD/DASKROI/Ahmedabad Municipal Corporation/RN49AA09949/310522
Gujarat,PR/GJ/AHMEDABAD/DASKROI/Ahmedabad Urban Development Authority/MAA14610/301224/301228
Gujarat,PR/GJ/AHMEDABAD/DASKROI/Ahmedabad Urban Development Authority/MN96AA09996/270622
Gujarat,PR/GJ/AHMEDABAD/DASKROI/Ahmedabad Urban Development Authority/RAA12729/030124/300627
Gujarat,PR/GJ/AHMEDABAD/DASKROI/AhmedabadMunicipalCorporation/MAA13311/120424/311229
Gujarat,PR/GJ/AHMEDABAD/DASKROI/AhmedabadMunicipalCorporation/MN174AA10074/090922
Gujarat,PR/GJ/AHMEDABAD/DASKROI/AhmedabadMunicipalCorporation/MN174AA10074/A1M/201223
Gujarat,PR/GJ/AHMEDABAD/DASKROI/AhmedabadMunicipalCorporation/RAA13853/160724/311229
Gujarat,PR/GJ/AHMEDABAD/DASKROI/AUDA/MAA00039/310817
Gujarat,PR/GJ/AHMEDABAD/DASKROI/AUDA/MAA00218/210917
Gujarat,PR/GJ/AHMEDABAD/DASKROI/AUDA/MAA08016/060221
Gujarat,PR/GJ/AHMEDABAD/DASKROI/AUDA/MAA09817/150222
Gujarat,PR/GJ/AHMEDABAD/DASKROI/AUDA/MAA10397/050722
Gujarat,PR/GJ/AHMEDABAD/DASKROI/AUDA/MAA10524/010822
Gujarat,PR/GJ/AHMEDABAD/DASKROI/AUDA/MAA10524/A1M/290124/311225
Gujarat,PR/GJ/AHMEDABAD/DASKROI/AUDA/MAA11474/160323
Gujarat,PR/GJ/AHMEDABAD/DASKROI/AUDA/RAA00340/EX1/200219
Gujarat,PR/GJ/AHMEDABAD/DASKROI/AUDA/RAA00427/131017
Gujarat,PR/GJ/AHMEDABAD/DASKROI/AUDA/RAA00577/021117
Gujarat,PR/GJ/AHMEDABAD/DASKROI/AUDA/RAA01518/030218
Gujarat,PR/GJ/AHMEDABAD/DASKROI/AUDA/RAA01519/030218
Gujarat,PR/GJ/AHMEDABAD/DASKROI/AUDA/RAA01522/EX1/311218
Gujarat,PR/GJ/AHMEDABAD/DASKROI/AUDA/RAA08011/EX1/260224/280225  View scanned Document
Gujarat,PR/GJ/AHMEDABAD/DASKROI/AUDA/RAA10949/191122
Gujarat,PR/GJ/AHMEDABAD/DASKROI/AUDA/RAA11288/020323
Gujarat,PR/GJ/AHMEDABAD/DASKROI/AUDA/RAA11972/190623
Gujarat,PR/GJ/AHMEDABAD/SANAND/AHMEDABAD URBAN DEVELOPMENT AUTHORITY/MAA12900/080224/300627
Gujarat,PR/GJ/AHMEDABAD/SANAND/Ahmedabad Urban Development Authority/MAA13079/060324/311227
Gujarat,PR/GJ/AHMEDABAD/SANAND/AUDA/MAA01865/A1M/031219
Gujarat,PR/GJ/AHMEDABAD/SANAND/AUDA/MAA05754/A1M/101120
Gujarat,PR/GJ/AHMEDABAD/SANAND/AUDA/MAA07874/050121
Gujarat,PR/GJ/AHMEDABAD/SANAND/AUDA/MAA08630/170621
Gujarat,PR/GJ/AHMEDABAD/SANAND/AUDA/MAA09148/111021
Gujarat,PR/GJ/AHMEDABAD/SANAND/AUDA/MAA09251/291021
Gujarat,PR/GJ/AHMEDABAD/SANAND/AUDA/MAA09396/011221
Gujarat,PR/GJ/AHMEDABAD/SANAND/AUDA/MAA09626/A1M/080422
Gujarat,PR/GJ/AHMEDABAD/SANAND/AUDA/MAA10293/A1M/140323
Gujarat,PR/GJ/AHMEDABAD/SANAND/AUDA/MAA11869/290523
Gujarat,PR/GJ/AHMEDABAD/SANAND/AUDA/MAA11896/020623
Gujarat,PR/GJ/AHMEDABAD/SANAND/AUDA/MAA12621/101123
Gujarat,PR/GJ/AHMEDABAD/SANAND/AUDA/PAA00361/061017
Gujarat,PR/GJ/AHMEDABAD/SANAND/AUDA/RAA06528/EX1/280922
Gujarat,PR/GJ/AHMEDABAD/SANAND/AUDA/RAA06528/EX2/010223
Gujarat,PR/GJ/ANAND/ANAND/Others/RAA11392/060323
Gujarat,PR/GJ/GANDHINAGAR/GANDHINAGAR/AUDA/MAA00673/EX1/071218
Gujarat,PR/GJ/GANDHINAGAR/GANDHINAGAR/AUDA/MAA01279/A1M/010921
Gujarat,PR/GJ/GANDHINAGAR/GANDHINAGAR/AUDA/MAA01279/A1M/EX1/030424/270125
Gujarat,PR/GJ/GANDHINAGAR/GANDHINAGAR/AUDA/MAA09056/150921
Gujarat,PR/GJ/GANDHINAGAR/GANDHINAGAR/Gandhinagar Municipal Corporation/MN330AA10230/310323
Gujarat,PR/GJ/GANDHINAGAR/GANDHINAGAR/Gandhinagar Municipal Corporation/MN38AA09938/230522
Gujarat,PR/GJ/GANDHINAGAR/GANDHINAGAR/Gandhinagar Municipal Corporation/RAA13092/A1R/141024/300628
Gujarat,PR/GJ/GANDHINAGAR/GANDHINAGAR/Gandhinagar Municipal Corporation/RAA13673/120624/311227
Gujarat,PR/GJ/GANDHINAGAR/GANDHINAGAR/Gandhinagar Municipal Corporation/RAA14134/180924/300928
Gujarat,PR/GJ/GANDHINAGAR/GANDHINAGAR/GandhinagarMunicipalCorporation/MAA10275/201223/311229
Gujarat,PR/GJ/GANDHINAGAR/GANDHINAGAR/GandhinagarMunicipalCorporation/MAA12154/A1M/260924/310727
Gujarat,PR/GJ/GANDHINAGAR/GANDHINAGAR/GandhinagarMunicipalCorporation/MAA12906/120224/311228
Gujarat,PR/GJ/GANDHINAGAR/GANDHINAGAR/GandhinagarMunicipalCorporation/MAA12917/120224/311228
Gujarat,PR/GJ/GANDHINAGAR/GANDHINAGAR/GandhinagarMunicipalCorporation/MAA12925/120224/311028
Gujarat,PR/GJ/GANDHINAGAR/GANDHINAGAR/GandhinagarMunicipalCorporation/MAA13377/230424/311228
Gujarat,PR/GJ/GANDHINAGAR/GANDHINAGAR/GandhinagarMunicipalCorporation/MAA14215/031024/310328
Gujarat,PR/GJ/GANDHINAGAR/GANDHINAGAR/GandhinagarMunicipalCorporation/RAA13500/140524/311227
Gujarat,PR/GJ/GANDHINAGAR/GANDHINAGAR/GandhinagarMunicipalCorporation/RN363AA10263/181023
Gujarat,PR/GJ/GANDHINAGAR/GANDHINAGAR/GandhinagarUrbanDevelopmentAuthority/RAA13603/310524/311230
Gujarat,PR/GJ/GANDHINAGAR/GANDHINAGAR/GIFTUrbanDevelopmentAuthority/RAA13206/300324/311230
Gujarat,PR/GJ/GANDHINAGAR/GANDHINAGAR/Others/MAA03405/A1M/EX1/040522
Gujarat,PR/GJ/GANDHINAGAR/GANDHINAGAR/Others/MAA07212/A1M/060421
Gujarat,PR/GJ/GANDHINAGAR/GANDHINAGAR/Others/MAA09919/A1M/180423
Gujarat,PR/GJ/GANDHINAGAR/GANDHINAGAR/Others/RAA05158/EX1/180924/290925
Gujarat,PR/GJ/GANDHINAGAR/GANDHINAGAR/Others/RAA07301/100820
Gujarat,PR/GJ/GANDHINAGAR/GANDHINAGAR/Others/RAA09000/070921
Gujarat,PR/GJ/GANDHINAGAR/GANDHINAGAR/Others/RAA09353/221121
Gujarat,PR/GJ/GANDHINAGAR/GANDHINAGAR/Others/RAA10315/130622
Gujarat,PR/GJ/GANDHINAGAR/GANDHINAGAR/Others/RAA10931/161122
Gujarat,PR/GJ/GANDHINAGAR/GANDHINAGAR/Others/RAA11904/030623
Gujarat,PR/GJ/GANDHINAGAR/GANDHINAGAR/Others/RAA12307/250923
Gujarat,PR/GJ/GANDHINAGAR/KALOL/AUDA/RAA00455/141017
Gujarat,PR/GJ/GANDHINAGAR/KALOL/AUDA/RAA00507/A1R/280921
Gujarat,PR/GJ/GANDHINAGAR/KALOL/AUDA/RAA09873/280222
Gujarat,PR/GJ/SURAT/CHORASI/SUDA/RAA02764/310518
Gujarat,PR/GJ/SURAT/CHORASI/SUDA/RAA06320/111119
Gujarat,PR/GJ/SURAT/CHORASI/SUDA/RAA09560/261221
Gujarat,PR/GJ/SURAT/CHORASI/SUDA/RAA10610/300822
Gujarat,PR/GJ/SURAT/SURAT CITY/Others/RAA11954/130623
Gujarat,PR/GJ/SURAT/SURAT CITY/SUDA/MAA06106/260919
Gujarat,PR/GJ/SURAT/SURAT CITY/SUDA/MAA06106/A1R/281221
Gujarat,PR/GJ/SURAT/SURAT CITY/SUDA/MAA11704/020523
Gujarat,PR/GJ/SURAT/SURAT CITY/SUDA/RAA02816/A1R/EX1/121022
Gujarat,PR/GJ/SURAT/SURAT CITY/SUDA/RAA03127/090718
Gujarat,PR/GJ/SURAT/SURAT CITY/SUDA/RAA10183/110522
Gujarat,PR/GJ/SURAT/SURAT CITY/SUDA/RAA11888/020623
Gujarat,PR/GJ/SURAT/SURAT CITY/SUDA/RAA12080/050723
Gujarat,PR/GJ/SURAT/SURAT CITY/SUDA/RAA12102/060723
Gujarat,PR/GJ/SURAT/SURAT CITY/SUDA/RAA12269/010923
Gujarat,PR/GJ/SURAT/SURAT CITY/SUDA/RAA12531/251023
Gujarat,PR/GJ/SURAT/SURAT CITY/SUDA/RAA12759/080124/311229
Gujarat,PR/GJ/SURAT/SURAT CITY/Surat Municipal Corporation/RAA05733/A1R/310524/301124
Gujarat,PR/GJ/SURAT/SURAT CITY/Surat Municipal Corporation/RAA12987/200224/311229
Gujarat,PR/GJ/SURAT/SURAT CITY/Surat Municipal Corporation/RAA13529/200524/101029
Gujarat,PR/GJ/SURAT/SURAT CITY/Surat Municipal Corporation/RAA14333/281024/311229
Gujarat,PR/GJ/SURAT/SURAT CITY/Surat Municipal Corporation/RN107AA10007/A1R/271023
Gujarat,PR/GJ/SURAT/SURAT CITY/Surat Municipal Corporation/RN15AA09915/250422
Gujarat,PR/GJ/SURAT/SURAT CITY/Surat Municipal Corporation/RN194AA10094/190922
Gujarat,PR/GJ/SURAT/SURAT CITY/Surat Municipal Corporation/RN198AA10098/220922
Gujarat,PR/GJ/SURAT/SURAT CITY/Surat Municipal Corporation/RN198AA10098/A1R/200323
Gujarat,PR/GJ/SURAT/SURAT CITY/Surat Municipal Corporation/RN247AA10147/121122
Gujarat,PR/GJ/SURAT/SURATCITY/SUDA/MAA10670/190922
Gujarat,PR/GJ/SURAT/SURATCITY/SUDA/MAA11565/060423
Gujarat,PR/GJ/SURAT/SURATCITY/SUDA/MAA12201/290823
Gujarat,PR/GJ/SURAT/SURATCITY/SUDA/MAA12331/290923
Gujarat,PR/GJ/SURAT/SURATCITY/SUDA/RAA00162/A1R/EX2/310824/311224
Gujarat,PR/GJ/SURAT/SURATCITY/SUDA/RAA02816/A1R/170519
Gujarat,PR/GJ/SURAT/SURATCITY/SUDA/RAA02816/EX2/EX1/191023
Gujarat,PR/GJ/SURAT/SURATCITY/SUDA/RAA03437/180918
Gujarat,PR/GJ/SURAT/SURATCITY/SUDA/RAA05733/160719
Gujarat,PR/GJ/SURAT/SURATCITY/SUDA/RAA05825/030819
Gujarat,PR/GJ/SURAT/SURATCITY/SUDA/RAA06461/121219
Gujarat,PR/GJ/SURAT/SURATCITY/SUDA/RAA07721/A1R/260523
Gujarat,PR/GJ/SURAT/SURATCITY/SUDA/RAA09293/031121
Gujarat,PR/GJ/SURAT/SURATCITY/SUDA/RAA10615/020922
Gujarat,PR/GJ/SURAT/SURATCITY/SUDA/RAA11757/120523
Gujarat,PR/GJ/SURAT/SURATCITY/SUDA/RAA11763/150523
Gujarat,PR/GJ/SURAT/SURATCITY/SUDA/RAA12192/280823
Gujarat,PR/GJ/SURAT/SURATCITY/SuratMunicipalCorporation/RAA09744/A1R/130524/311228
Gujarat,PR/GJ/SURAT/SURATCITY/SuratMunicipalCorporation/RAA13184/270324/300627
Gujarat,PR/GJ/SURAT/SURATCITY/SuratMunicipalCorporation/RAA13516/160524/310327
Gujarat,PR/GJ/SURAT/SURATCITY/SuratMunicipalCorporation/RAA14070/020924/311229
Gujarat,PR/GJ/SURAT/SURATCITY/SuratMunicipalCorporation/RN35AA09935/180522
Gujarat,PR/GJ/SURAT/SURATCITY/SuratMunicipalCorporation/RN8AA09908/180422
Gujarat,PR/GJ/VADODARA/VADODARA/Others/MAA03285/A1M/020221
Gujarat,PR/GJ/VADODARA/VADODARA/Others/MAA03714/161018
Gujarat,PR/GJ/VADODARA/VADODARA/Others/MAA06262/251019
Gujarat,PR/GJ/VADODARA/VADODARA/Others/MAA06265/251019
Gujarat,PR/GJ/VADODARA/VADODARA/Others/MAA06523/261219
Gujarat,PR/GJ/VADODARA/VADODARA/Others/MAA06618/130120
Gujarat,PR/GJ/VADODARA/VADODARA/Others/MAA07038/220520
Gujarat,PR/GJ/VADODARA/VADODARA/Others/MAA08178/100321
Gujarat,PR/GJ/VADODARA/VADODARA/Others/MAA08279/310321
Gujarat,PR/GJ/VADODARA/VADODARA/Others/MAA08303/060421
Gujarat,PR/GJ/VADODARA/VADODARA/Others/MAA08305/060421
Gujarat,PR/GJ/VADODARA/VADODARA/Others/MAA08361/220421
Gujarat,PR/GJ/VADODARA/VADODARA/Others/MAA09046/140921
Gujarat,PR/GJ/VADODARA/VADODARA/Others/MAA09471/141221
Gujarat,PR/GJ/VADODARA/VADODARA/Others/MAA09671/050122
Gujarat,PR/GJ/VADODARA/VADODARA/Others/MAA10447/140722
Gujarat,PR/GJ/VADODARA/VADODARA/Others/MAA10620/020922
Gujarat,PR/GJ/VADODARA/VADODARA/Others/MAA10716/300922
Gujarat,PR/GJ/VADODARA/VADODARA/Others/MAA10731/041022
Gujarat,PR/GJ/VADODARA/VADODARA/Others/MAA10853/271022
Gujarat,PR/GJ/VADODARA/VADODARA/Others/MAA11046/171222
Gujarat,PR/GJ/VADODARA/VADODARA/Others/MAA11204/160123
Gujarat,PR/GJ/VADODARA/VADODARA/Others/MAA11982/200623
Gujarat,PR/GJ/VADODARA/VADODARA/Others/MAA12311/250923
Gujarat,PR/GJ/VADODARA/VADODARA/Others/MAA12418/111023
Gujarat,PR/GJ/VADODARA/VADODARA/Others/MAA12461/161023
Gujarat,PR/GJ/VADODARA/VADODARA/Others/MAA12623/101123
Gujarat,PR/GJ/VADODARA/VADODARA/Others/MAA12644/161123
Gujarat,PR/GJ/VADODARA/VADODARA/Others/MAA12742/030124/311229
Gujarat,PR/GJ/VADODARA/VADODARA/Others/MAA12780/170124/311229
Gujarat,PR/GJ/VADODARA/VADODARA/Others/MAA12846/030224/311229
Gujarat,PR/GJ/VADODARA/VADODARA/Others/MAA12875/070224/311228
Gujarat,PR/GJ/VADODARA/VADODARA/Others/RAA00378/EX2/310323
Gujarat,PR/GJ/VADODARA/VADODARA/Others/RAA00703/EX1/210119
Gujarat,PR/GJ/VADODARA/VADODARA/Others/RAA00704/EX3/130723
Gujarat,PR/GJ/VADODARA/VADODARA/Others/RAA01827/030318
Gujarat,PR/GJ/VADODARA/VADODARA/Others/RAA01919/070318
Gujarat,PR/GJ/VADODARA/VADODARA/Others/RAA03897/301018
Gujarat,PR/GJ/VADODARA/VADODARA/Others/RAA05800/260719
Gujarat,PR/GJ/VADODARA/VADODARA/Others/RAA07711/261120
Gujarat,PR/GJ/VADODARA/VADODARA/Others/RAA08120/250221
Gujarat,PR/GJ/VADODARA/VADODARA/Others/RAA08200/170321
Gujarat,PR/GJ/VADODARA/VADODARA/Others/RAA08482/210521
Gujarat,PR/GJ/VADODARA/VADODARA/Others/RAA08692/300621
Gujarat,PR/GJ/VADODARA/VADODARA/Others/RAA09095/EX1/280324/310724
Gujarat,PR/GJ/VADODARA/VADODARA/Others/RAA09124/011021
Gujarat,PR/GJ/VADODARA/VADODARA/Others/RAA09215/221021
Gujarat,PR/GJ/VADODARA/VADODARA/Others/RAA09243/291021
Gujarat,PR/GJ/VADODARA/VADODARA/Others/RAA09326/EX1/160524/300625
Gujarat,PR/GJ/VADODARA/VADODARA/Others/RAA09674/050122
Gujarat,PR/GJ/VADODARA/VADODARA/Others/RAA09922/A1R/270923
Gujarat,PR/GJ/VADODARA/VADODARA/Others/RAA10185/A1R/050123
Gujarat,PR/GJ/VADODARA/VADODARA/Others/RAA10295/080622
Gujarat,PR/GJ/VADODARA/VADODARA/Others/RAA10362/270622
Gujarat,PR/GJ/VADODARA/VADODARA/Others/RAA10426/130722
Gujarat,PR/GJ/VADODARA/VADODARA/Others/RAA10540/060822
Gujarat,PR/GJ/VADODARA/VADODARA/Others/RAA10567/200822
Gujarat,PR/GJ/VADODARA/VADODARA/Others/RAA10768/131022
Gujarat,PR/GJ/VADODARA/VADODARA/Others/RAA10797/171022
Gujarat,PR/GJ/VADODARA/VADODARA/Others/RAA10899/111122
Gujarat,PR/GJ/VADODARA/VADODARA/Others/RAA10922/141122
Gujarat,PR/GJ/VADODARA/VADODARA/Others/RAA11019/121222
Gujarat,PR/GJ/VADODARA/VADODARA/Others/RAA11084/281222
Gujarat,PR/GJ/VADODARA/VADODARA/Others/RAA11287/020323
Gujarat,PR/GJ/VADODARA/VADODARA/Others/RAA11391/040323
Gujarat,PR/GJ/VADODARA/VADODARA/Others/RAA11484/170323
Gujarat,PR/GJ/VADODARA/VADODARA/Others/RAA12033/280623
Gujarat,PR/GJ/VADODARA/VADODARA/Others/RAA12335/290923
Gujarat,PR/GJ/VADODARA/VADODARA/Others/RAA12425/121023
Gujarat,PR/GJ/VADODARA/VADODARA/Others/RAA12499/211023
Gujarat,PR/GJ/VADODARA/VADODARA/Others/RAA12537/261023
Gujarat,PR/GJ/VADODARA/VADODARA/Others/RAA12544/261023
Gujarat,PR/GJ/VADODARA/VADODARA/Others/RAA12636/161123
Gujarat,PR/GJ/VADODARA/VADODARA/Others/RAA12954/190224/311228
Gujarat,PR/GJ/VADODARA/VADODARA/Others/RAA13025/230224/311228
Gujarat,PR/GJ/VADODARA/VADODARA/Others/RAA13062/040324/311224
Gujarat,PR/GJ/VADODARA/VADODARA/Vadodara Municipal Corporation/MAA10623/A1M/240724/310329
Gujarat,PR/GJ/VADODARA/VADODARA/Vadodara Municipal Corporation/MAA14047/280824/311226
Gujarat,PR/GJ/VADODARA/VADODARA/Vadodara Municipal Corporation/MN211AA10111/031022
Gujarat,PR/GJ/VADODARA/VADODARA/Vadodara Municipal Corporation/RAA10828/A1R/220724/311227
Gujarat,PR/GJ/VADODARA/VADODARA/Vadodara Municipal Corporation/RAA13446/040524/311229
Gujarat,PR/GJ/VADODARA/VADODARA/Vadodara Municipal Corporation/RAA13636/060624/311228
Gujarat,PR/GJ/VADODARA/VADODARA/Vadodara Municipal Corporation/RAA13857/220724/311229
Gujarat,PR/GJ/VADODARA/VADODARA/Vadodara Municipal Corporation/RAA14096/050924/300628
Gujarat,PR/GJ/VADODARA/VADODARA/Vadodara Municipal Corporation/RN52AA09952/010622
Gujarat,PR/GJ/VADODARA/VADODARA/Vadodara Urban Development Authority/RAA12854/030224/311228
Gujarat,PR/GJ/VADODARA/VADODARA/Vadodara Urban Development Authority/RAA13754/290624/311229
Gujarat,PR/GJ/VADODARA/VADODARA/Vadodara Urban Development Authority/RAA14594/301224/311229
Gujarat,PR/GJ/VADODARA/VADODARA/VadodaraMunicipalCorporation/MAA13711/250624/300929
Gujarat,PR/GJ/VADODARA/VADODARA/VadodaraMunicipalCorporation/RAA12914/120224/311228
Gujarat,PR/GJ/VADODARA/VADODARA/VadodaraMunicipalCorporation/RAA13515/160524/310328
Gujarat,PR/GJ/VADODARA/VADODARA/VadodaraMunicipalCorporation/RAA13578/240524/311228
Gujarat,PR/GJ/VADODARA/VADODARA/VadodaraMunicipalCorporation/RAA13610/030624/300628
Gujarat,PR/GJ/VADODARA/VADODARA/VadodaraMunicipalCorporation/RAA13658/100624/311226
Gujarat,PR/GJ/VADODARA/VADODARA/VadodaraMunicipalCorporation/RAA13856/220724/311229
Gujarat,PR/GJ/VADODARA/VADODARA/VadodaraMunicipalCorporation/RN348AA10248/080523
Gujarat,PR/GJ/VADODARA/VAGHODIA/Others/MAA09585/271221
Gujarat,PR/GJ/VADODARA/VAGHODIA/Others/RAA07857/040121
Gujarat,PR/GJ/VADODARA/VAGHODIA/Others/RAA11052/171222
Gujarat,PR/GJ/VALSAD/PARDI/Others/MAA11400/060323
Gujarat,PR/GJ/VALSAD/PARDI/Others/RAA09562/261221
Gujarat,PR/GJ/VALSAD/PARDI/Others/RAA10021/130422
Gujarat,PR/GJ/VALSAD/PARDI/Others/RAA10449/140722
Gujarat,PR/GJ/VALSAD/PARDI/Others/RAA11333/030323
Gujarat,PR/VADODARA/VADODARA/GUJRERA/230529/014768
Rajasthan,RAJ/P/2017/001
Rajasthan,RAJ/P/2017/019
Rajasthan,RAJ/P/2017/027
Rajasthan,RAJ/P/2017/031
Rajasthan,RAJ/P/2017/041
Rajasthan,RAJ/P/2017/067
Rajasthan,RAJ/P/2017/085
Rajasthan,RAJ/P/2017/087
Rajasthan,RAJ/P/2017/100
Rajasthan,RAJ/P/2017/150
Rajasthan,RAJ/P/2017/157
Rajasthan,RAJ/P/2017/158
Rajasthan,RAJ/P/2017/162
Rajasthan,RAJ/P/2017/164
Rajasthan,RAJ/P/2017/169
Rajasthan,RAJ/P/2017/202
Rajasthan,RAJ/P/2017/209
Rajasthan,RAJ/P/2017/213
Rajasthan,RAJ/P/2017/244
Rajasthan,RAJ/P/2017/298
Rajasthan,RAJ/P/2017/329
Rajasthan,Raj/P/2017/341
Rajasthan,RAJ/P/2017/345
Rajasthan,RAJ/P/2017/399
Rajasthan,RAJ/P/2017/412
Rajasthan,RAJ/P/2017/448
Rajasthan,RAJ/P/2017/532
Rajasthan,RAJ/P/2018/676
Rajasthan,RAJ/P/2018/728
Rajasthan,RAJ/P/2018/779
Rajasthan,RAJ/P/2018/869
Rajasthan,RAJ/P/2019/1073
Rajasthan,RAJ/P/2019/1116
Rajasthan,RAJ/P/2019/1116
Rajasthan,RAJ/P/2019/884
Rajasthan,RAJ/P/2019/915
Rajasthan,RAJ/P/2020/1180
Rajasthan,RAJ/P/2020/1220
Rajasthan,RAJ/P/2020/1221
Rajasthan,RAJ/P/2020/1266
Rajasthan,RAJ/P/2020/1339
Rajasthan,RAJ/P/2020/1364
Rajasthan,RAJ/P/2020/1390
Rajasthan,RAJ/P/2020/1402
Rajasthan,RAJ/P/2021/1450
Rajasthan,RAJ/P/2021/1473
Rajasthan,RAJ/P/2021/1698
Rajasthan,RAJ/P/2021/1712
Rajasthan,RAJ/P/2021/1753
Rajasthan,RAJ/P/2021/1778
Rajasthan,RAJ/P/2022/1819
Rajasthan,RAJ/P/2022/1834
Rajasthan,RAJ/P/2022/1836
Rajasthan,RAJ/P/2022/1884
Rajasthan,RAJ/P/2022/1927
Rajasthan,RAJ/P/2022/1953
Rajasthan,RAJ/P/2022/1977
Rajasthan,RAJ/P/2022/2000
Rajasthan,RAJ/P/2022/2024
Rajasthan,RAJ/P/2022/2028
Rajasthan,RAJ/P/2022/2099
Rajasthan,RAJ/P/2022/2147
Rajasthan,RAJ/P/2022/2208
Rajasthan,RAJ/P/2022/2212
Rajasthan,RAJ/P/2022/2225
Rajasthan,RAJ/P/2022/2252
Rajasthan,RAJ/P/2022/2254
Rajasthan,RAJ/P/2023/2419
Rajasthan,RAJ/P/2023/2426
Rajasthan,RAJ/P/2023/2442
Rajasthan,RAJ/P/2023/2466
Rajasthan,RAJ/P/2023/2512
Rajasthan,RAJ/P/2023/2544
Rajasthan,RAJ/P/2023/2571
Rajasthan,RAJ/P/2023/2582
Rajasthan,RAJ/P/2023/2600
Rajasthan,RAJ/P/2023/2606
Rajasthan,RAJ/P/2023/2636
Rajasthan,RAJ/P/2023/2650
Rajasthan,RAJ/P/2023/2651
Rajasthan,RAJ/P/2023/2668
Rajasthan,RAJ/P/2023/2700
Rajasthan,RAJ/P/2023/2719
Rajasthan,RAJ/P/2023/2730
Rajasthan,RAJ/P/2023/2742
Rajasthan,RAJ/P/2023/2755
Rajasthan,RAJ/P/2023/2836
Rajasthan,RAJ/P/2023/2841
Rajasthan,RAJ/P/2023/2856
Rajasthan,RAJ/P/2023/2877
Rajasthan,RAJ/P/2024/2905
Rajasthan,RAJ/P/2024/2915
Rajasthan,RAJ/P/2024/2923
Rajasthan,RAJ/P/2024/3000
Rajasthan,RAJ/P/2024/3016
Rajasthan,RAJ/P/2024/3054
Rajasthan,RAJ/P/2024/3058
Rajasthan,RAJ/P/2024/3063
Rajasthan,RAJ/P/2024/3100
Rajasthan,RAJ/P/2024/3111
Rajasthan,RAJ/P/2024/3117
Rajasthan,RAJ/P/2024/3128
Rajasthan,RAJ/P/2024/3154
Rajasthan,RAJ/P/2024/3165
Rajasthan,RAJ/P/2024/3183
Rajasthan,RAJ/P/2024/3193
Rajasthan,RAJ/P/2024/3196
Rajasthan,RAJ/P/2024/3197
Rajasthan,RAJ/P/2024/3218
Rajasthan,RAJ/P/2024/3220
Rajasthan,RAJ/P/2024/3223
Rajasthan,RAJ/P/2024/3237
Rajasthan,RAJ/P/2024/3238
Rajasthan,RAJ/P/2024/3261
Rajasthan,RAJ/P/2024/3277
Rajasthan,RAJ/P/2024/3322
Rajasthan,RAJ/P/2024/3341
Rajasthan,RAJ/P/2024/3353
Rajasthan,RAJ/P/2024/3420
Rajasthan,RAJ/P/2024/3427
Rajasthan,RAJ/P/2025/3468
Haryana,RC/REP/HARERA/313OF2017
Haryana,RC/REP/HARERA/GGM/2018/05
Haryana,RC/REP/HARERA/GGM/2018/06
Haryana,RC/REP/HARERA/GGM/2018/10
Haryana,RC/REP/HARERA/GGM/2018/18 dated 15.06.2021
Haryana,RC/REP/HARERA/GGM/270 of 20l7/7(3)/40/2023/17
Haryana,RC/REP/HARERA/GGM/307/39/2019/01
Haryana,RC/REP/HARERA/GGM/317/49/2019/11
Haryana,RC/REP/HARERA/GGM/320/52/2019/14
Haryana,RC/REP/HARERA/GGM/329/61/2019/23
Haryana,RC/REP/HARERA/GGM/335/67/2019/29
Haryana,RC/REP/HARERA/GGM/336/68/2019/30
Haryana,RC/REP/HARERA/GGM/345/77/2019/39
Haryana,RC/REP/HARERA/GGM/346/78/2019/40
Haryana,RC/REP/HARERA/GGM/352/84/2019/46
Haryana,RC/REP/HARERA/GGM/358/90/2019/52
Haryana,RC/REP/HARERA/GGM/36/2018
Haryana,RC/REP/HARERA/GGM/487/219/2021/55
Haryana,RC/REP/HARERA/GGM/733/465/2023/77
Haryana,RC/REP/HARERA/GGM/772/504/2023/116
Haryana,RC/REP/HARERA/GGM/869/601/2024/96
Haryana,RC/REP/HARERA/GGM/885/617/2024/112
Haryana,RC/REP/HARERA/GGM/901/633/2025/04
Haryana,RC/REP/HRERA/GGM/850/582/2024/77
Haryana,RC/REP/YHARERA/GGM/585/317/2022/150DATED29.08.2022
Assam,RERAA DU 32 of 2024-25
Assam,RERAA JO 36 OF 2023-2024
Assam,RERAA KM 42 A OF 2021-22
Assam,RERAA KM 43 A OF 2021-22
Assam,RERAAJO18OF2022-2023
Assam,RERAAKM 14 OF 2021
Assam,RERAAKM 33 OF 2021
Assam,RERAAKM 40 OF 2021
Assam,RERAAKM 42 OF 2021
Assam,RERAAKM 43 OF 2021
Assam,RERAAKM165OF2021
Bihar,RERAP04082021160002-2
Tamil Nadu,TN / 01 / Building / 0095 / 2018
Tamil Nadu,TN / 01 /Layout/0188/2024
Tamil Nadu,TN/01/ Building/ 0245/2022
Tamil Nadu,TN/01/ Building/ 0246/2022
Tamil Nadu,TN/01/Building/0497/2022 dated 05/12/2022
Tamil Nadu,TN/02/Building/0065/2022 dated 22/02/2022
Tamil Nadu,TN/02/Building/0086/2023 dated 20/02/2023
Tamil Nadu,TN/02/Building/0467/2020 dated 18/12/2020
Tamil Nadu,TN/02/Layout/4178/2022dated26/05/2022
Tamil Nadu,TN/1/Regularisation-Layout/0848/2023
Tamil Nadu,TN/1/Regularisation-Layout/0859/2023
Tamil Nadu,TN/11/Building/0090/2021 dated 29/03/2021
Tamil Nadu,TN/11/Building/0129/2022dated22/04/2022
Tamil Nadu,TN/16/Building/0094/2022dated30/03/2022
Tamil Nadu,TN/16/Building/0104/2021 dated 05/04/2021
Tamil Nadu,TN/2/Regularisation-Layout/0934/2023
Tamil Nadu,TN/20/Building/0294/2023 dated 05/07/2023
Tamil Nadu,TN/20/Building/414/2023 dated 06/10/2023
Tamil Nadu,TN/20/Regularisation-Layout/0944/2024
Tamil Nadu,TN/20/Regularisation-Layout/1055/2022 dated 08/03/2022
Tamil Nadu,TN/29/Building/0008/2023 dated 04/01/2023
Tamil Nadu,TN/29/Building/0009/2023 dated 04/01/2023
Tamil Nadu,TN/29/Building/0010/2023 dated 04/01/2023
Tamil Nadu,TN/29/Building/0038/2022 dated 28/01/2022
Tamil Nadu,TN/29/Building/0154/2020 dated 20/03/2020
Tamil Nadu,TN/29/Building/0175/2022dated20/05/2022
Tamil Nadu,TN/29/Building/0341/2021 dated 01/10/2021
Tamil Nadu,TN/29/Building/318/2021 dated 21/09/2021
Karnataka,TN/30/Layout/2758/2024
Tamil Nadu,TN/35/Building/0053/2024 dated 13/02/2024
Tamil Nadu,TN/35/Building/0435/2023 dated 19/10/2023
Tamil Nadu,TN/35/Regularisation-Layout/0224/2024
Tamil Nadu,TN/35/Regularisation-Layout/0225/2024
Tamil Nadu,TN/35/Regularisation-Layout/0226/2024
Tamil Nadu,TN/35/Regularisation-Layout/0227/2024
Tamil Nadu,TN/35/Regularisation-Layout/0228/2024
Tamil Nadu,TN/35/Regularisation-Layout/0229/2024
Tamil Nadu,TN/35/Regularisation-Layout/0230/2024
Karnataka,TOR/PRM/KA/RERA/1250/301/PR/221116/001916
Karnataka,TOR/PRM/KA/RERA/1251/309/PR/221116/000068
Karnataka,TOR/PRM/KA/RERA/1251/310/PR/230120/001682
Karnataka,TOR/PRM/KA/RERA/1251/446/PR/230419/001674
West Bengal,WBRERA/P/BAN/2024/002064
West Bengal,WBRERA/P/JAL/2023/000230
West Bengal,WBRERA/P/JAL/2023/000325
West Bengal,WBRERA/P/MAL/2024/002105
West Bengal,WBRERA/P/PAS/2024/001357
West Bengal,WBRERA/P/PAS/2024/002109
West Bengal,WBRERA/P/PUR/2023/000157
Gujarat,PR/GJ/AHMEDABAD/AHMEDABAD CITY/AUDA/MAA06829/040320
Rajasthan,RAJ/P/2021/1430
Haryana,08 OF 2018
Haryana,148 OF 2017
Haryana,275 OF 2017
Haryana,GGM/401/133/2020/17
Haryana,GGM/413/145/2020/29
Haryana,GGM/478/210/2021/46DATED27.07.2021
Haryana,GGM/588/320/2022/63
Haryana,GGM/716/448/2023/60
West Bengal,HIRA/P/SOU/2020/000874
Haryana,HRERA-55OF2017
Haryana,HRERA-PKL-RWR-207-2020
Gujarat,PR/GJ/AHMEDABAD/AHMEDABAD CITY/AUDA/RAA09476/151221
Gujarat,PR/GJ/AHMEDABAD/AHMEDABADCITY/AUDA/MAA08159/090321
Gujarat,PR/GJ/AHMEDABAD/AHMEDABADCITY/AUDA/RAA02798/A1R/110219
Gujarat,PR/GJ/AHMEDABAD/DASKROI/AUDA/MAA06438/091219
Gujarat,PR/GJ/AHMEDABAD/SANAND/AUDA/MAA09500/181221
Gujarat,PR/GJ/GANDHINAGAR/GANDHINAGAR/AUDA/MAA01279/100118
Gujarat,PR/GJ/GANDHINAGAR/GANDHINAGAR/Others/MAA07345/EX1/020424/300624
Gujarat,PR/GJ/SURAT/CHORASI/SUDA/RAA00246/250917
Gujarat,PR/GJ/SURAT/SURAT CITY/SUDA/MAA10114/290422
Gujarat,PR/GJ/VADODARA/VADODARA/Others/MAA05581/EX1/020724/301124
Gujarat,PR/GJ/VADODARA/VADODARA/Others/MAA09624/311221
Gujarat,PR/GJ/VADODARA/VADODARA/Others/RAA08993/070921
Gujarat,PR/GJ/VADODARA/VADODARA/Others/RAA09922/190322
Rajasthan,RAJ/P/2017/054
Rajasthan,RAJ/P/2017/163
Rajasthan,RAJ/P/2020/1407
Haryana,RC/REP/HARERA/GGM/2018/04
Haryana,RC/REP/HARERA/GGM/349/81/2019/43
Karnataka,RM/KA/RERA/1251/309/PR/290822/005198
Tamil Nadu,TN/29/Building/0155/2022dated10/05/2022
Tamil Nadu,TN/35/Regularisation-Layout/0223/2024
Karnataka,TOR/PRM/KA/RERA/1251/309/PR/211028/002104
