XID,Project Name,City,Magicbricks Link
R216,Amit Bloomfield,Pune West,Not Found
R472,Kalpataru Serenity,Pune East,https://www.magicbricks.com/project-kalpataru-serenity-for-sale-in-pune-pppfs
R766,K Raheja Vivarea,Bangalore South,https://www.magicbricks.com/raheja-vivarea-koramangala-bangalore-pdpid-4d4235303037373232
R1020,Rivali Park,Western Mumbai,https://www.magicbricks.com/rivali-park-borivali-east-mumbai-pdpid-4d4235303232333030
R1051,Kumar Pebble Park,Pune East,https://www.magicbricks.com/project-kumar-pebble-park-for-sale-in-pune-pppfs
R1184,Rumah Bali,Thane,https://www.magicbricks.com/puraniks-rumah-bali-ghodbunder-road-thane-pdpid-4d4235303731303935
R1239,BPTP Parklands Pride,Faridabad,https://www.magicbricks.com/bptp-pride-sector-77-faridabad-pdpid-4d4235313138383435
R1322,Tata The Promont,Bangalore South,https://www.magicbricks.com/project-tata-the-promont-for-sale-in-bangalore-pppfs
R2046,Siddha Galaxia,Kolkata East,https://www.magicbricks.com/project-siddha-galaxia-phase-2-3bhk-for-sale-in-kolkata-pppfs
R3318,Mapsko Mount Ville,Gurgaon,https://www.magicbricks.com/mapsko-mount-ville-sector-79-gurgaon-pdpid-4d4235303238323130
R4234,Anshul Ela,Pune North,https://www.magicbricks.com/anshul-ela-moshi-pune-pdpid-4d4235303233373735
R4356,JLPL Falcon View,Mohali,https://www.magicbricks.com/project-jlpl-falcon-view-for-sale-in-mohali-pppfs
R4384,TVH Vista Heights,Coimbatore,https://www.magicbricks.com/project-tvh-vista-heights-for-sale-in-coimbatore-pppfs
R4700,Lodha Bella Vita,Pune South,https://www.magicbricks.com/project-lodha-bella-vita-2bhk-for-sale-in-pune-pppfs
R5126,Sterling Villa Grande,Bangalore East,https://www.magicbricks.com/sterling-villa-grande-whitefield-bangalore-pdpid-4d4235303037303232
R5660,Wave Estate,Mohali,https://www.magicbricks.com/project-wave-estate-for-sale-in-mohali-pppfs
R6542,Happy Home Jade Gardens,Central Mumbai,Not Found
R6936,Sheth Vasant Lawns,Thane,https://www.magicbricks.com/sheth-vasant-lawns-majiwada-thane-pdpid-4d4235303337373635
R7036,Regency Sarvam,Thane Outskirts,https://www.magicbricks.com/low-budget-flats-for-sale-in-thane-pppfs
R7312,Shikharji dreamz,Indore,https://www.magicbricks.com/project-shikharji-dreamz-for-sale-in-indore-pppfs
R7594,Tata Ariana,Bhubaneswar,https://www.magicbricks.com/tata-ariana-khandagiri-bhubaneswar-pdpid-4d4235303733353637
R7920,Atri Green Valley,Kolkata South,https://www.magicbricks.com/atri-green-valley-narendrapur-kolkata-pdpid-4d4235303730333130
R8198,Shreeji Atlantis,Western Mumbai,https://www.magicbricks.com/shreeji-atlantis-malad-west-mumbai-pdpid-4d4235303733333135
R8590,Indiabulls Golf City,Navi Mumbai,https://www.magicbricks.com/indiabulls-golf-city-panvel-navi-mumbai-pdpid-4d4235303736393337
R8858,Hubtown Seasons,Central Mumbai,Not Found
R9176,Lodha Raj Infinia,Western Mumbai,https://www.magicbricks.com/raj-infinia-malad-west-mumbai-pdpid-4d4235303139313930
R9584,Kasturi Eon Homes,Pune West,https://www.magicbricks.com/project-kasturi-eon-homes-3bhk-for-sale-in-pune-pppfs
R9918,Gaur Yamuna City,Greater Noida,https://www.magicbricks.com/project-gaur-yamuna-city-for-sale-in-greater-noida-pppfs
R10426,Tharwani Vedant Millenia,Thane Outskirts,https://www.magicbricks.com/tharwani-vedant-millenia-titwala-beyond-thane-pdpid-4d4235303330323335
R11362,Runwal Sanctuary,Central Mumbai,Not Found
R14640,Neelam Senroofs,Central Mumbai,https://www.magicbricks.com/neelam-senroofs-nahur-east-mumbai-pdpid-4d4235303230313833
R15378,Solitairian City,Greater Noida,https://www.magicbricks.com/solitairian-city-yamuna-expressway-greater-noida-pdpid-4d4235303732393934
R17492,Panchshil Towers,Pune East,https://www.magicbricks.com/panchshil-towers-kharadi-pune-pdpid-4d4235303139383033
R18392,Pushpanjali Residency Phase 3,Thane,https://www.magicbricks.com/project-pushpanjali-residency-phase-iii-for-sale-in-thane-pppfs
R18410,Experion The Westerlies,Gurgaon,https://www.magicbricks.com/experion-the-westerlies-sector-108-gurgaon-pdpid-4d4235323835333437
R18722,Lodha Palava City,Thane Outskirts,Not Found
R19272,Bharat Shiv Sai Paradise,Thane,https://www.magicbricks.com/shivsai-paradise-thane-west-thane-pdpid-4d4235303337373430
R20852,Pharande Puneville,Pune West,https://www.magicbricks.com/project-pharande-puneville-2bhk-for-sale-in-pune-pppfs
R22052,Central Park Flower Valley,Gurgaon,https://www.magicbricks.com/project-central-park-flower-valley-for-sale-in-gurgaon-pppfs
R22762,DP Star,Central Mumbai,Not Found
R23442,SNN Raj Viviente,Bangalore South,https://www.magicbricks.com/project-snn-raj-viviente-for-sale-in-bangalore-pppfs
R24198,Total Environment Pursuit of A Radical Rhapsody,Bangalore East,https://www.magicbricks.com/total-environment-pursuit-of-a-radical-rhapsody-whitefield-bangalore-pdpid-4d4235303035363838
R24280,Runwal Forests,Central Mumbai,https://www.magicbricks.com/runwal-forests-kanjurmarg-west-mumbai-pdpid-4d4235303238383430
R24326,Ganga Platino,Pune East,https://www.magicbricks.com/project-goel-ganga-platino-3bhk-for-sale-in-pune-pppfs
R25082,Runwal Eirene,Thane,https://www.magicbricks.com/runwal-eirene-balkum-village-thane-pdpid-4d4235303239323430
R27874,Kumar Peninsula,Pune West,https://www.magicbricks.com/kumar-peninsula-baner-pune-pdpid-4d4235303033353231
R32576,L and T Emerald Isle,Central Mumbai,https://www.magicbricks.com/l&t-emerald-isle-powai-mumbai-pdpid-4d4235303131373931
R33730,Little Earth by Kolte Patil,Pune West,https://www.magicbricks.com/kolte-patil-little-earth-kiwale-pune-pdpid-4d4235303832333534
R36096,Nambiar Bellezea,Bangalore East,Not Found
R37490,BPTP Park 81,Faridabad,https://www.magicbricks.com/bptp-park-81-sector-81-faridabad-pdpid-4d4235303233323135
R41300,Raheja Imperia,Mumbai South,https://www.magicbricks.com/project-raheja-imperia-i-for-sale-in-mumbai-pppfs
R43298,Sheth Beaumonte,Central Mumbai,Not Found
R53364,Rohan Abhilasha,Pune East,https://www.magicbricks.com/project-rohan-abhilasha-3bhk-for-sale-in-pune-pppfs
R54486,Ashiana Manglam Rangoli Gardens,Jaipur,https://www.magicbricks.com/rangoli-gardens-vaishali-nagar-jaipur-pdpid-4d4235303235343933
R58272,Omaxe The Lake,Chandigarh,https://www.magicbricks.com/project-omaxe-the-lake-for-sale-in-chandigarh-pppfs
R59796,34 Park Estate,Western Mumbai,https://www.magicbricks.com/project-34-park-estate-for-sale-in-mumbai-pppfs
R62113,Ganga Amber,Pune West,https://www.magicbricks.com/ganga-amber-phase-2-tathawade-pune-pdpid-4d4235313838383630
R62235,Mahindra Luminare,Gurgaon,https://www.magicbricks.com/project-mahindra-luminare-for-rent-in-gurgaon-pppfr
R69548,Kumar Princetown Royal,Pune South,https://www.magicbricks.com/project-princetown-royal-for-sale-in-pune-pppfs
R70250,Paradise Sai World City,Navi Mumbai,https://www.magicbricks.com/paradise-sai-world-city-panvel-navi-mumbai-pdpid-4d4235303733363036
R71167,Eldeco Accolade,Gurgaon,https://www.magicbricks.com/eldeco-accolade-sohna-gurgaon-pdpid-4d4235303834383033
R71855,The Prestige City,Central Mumbai,Not Found
R81486,7 Plumeria Drive,Pune West,https://www.magicbricks.com/bhandari-7-plumeria-drive-punawale-pune-pdpid-4d4235303732373533
R91047,Runwal Bliss,Central Mumbai,Not Found
R92267,Mittal Pebbles High Mont,Pune West,https://www.magicbricks.com/highmont-phase-1-hinjewadi-pune-pdpid-4d4235303733353732
R100595,Goel Ganga Legend County,Pune West,https://www.magicbricks.com/goel-ganga-legend-county-bavdhan-pune-pdpid-4d4235313838363736
R102752,24K Sereno,Pune West,https://www.magicbricks.com/project-kolte-patil-24k-sereno-4bhk-for-sale-in-pune-pppfs
R107603,DTC Southern Heights,Kolkata South,https://www.magicbricks.com/project-dtc-southern-heights-for-sale-in-kolkata-pppfs
R118351,Tej Elevia,Pune West,https://www.magicbricks.com/project-tejraj-elevia-2bhk-for-sale-in-pune-pppfs
R122341,Purva Silversands,Pune East,https://www.magicbricks.com/project-puravankara-purva-silversands-2bhk-for-sale-in-pune-pppfs
R136575,Ashiana Anmol,Gurgaon,https://www.magicbricks.com/project-ashiana-anmol-for-sale-in-gurgaon-pppfs
R138953,Symbol Towers,Ghaziabad,https://www.magicbricks.com/aegis-symbol-towers-fragrance-raj-nagar-extension-ghaziabad-pdpid-4d4235343138343831
R145369,Royal Oak,Pune West,https://www.magicbricks.com/lifestyle-royal-oak-wakad-pune-pdpid-4d4235303834383832
R146195,Maurya Kanaujee City,Patna,https://www.magicbricks.com/maurya-kanaujee-city-khemni-chak-patna-pdpid-4d4235333332353439
R154983,Shapoorji Sarova,Western Mumbai,Not Found
R162517,Sharada Akashparv,Pune West,https://www.magicbricks.com/sharada-akashparv-bavdhan-pune-pdpid-4d4235303934393233
R168649,F5 Felicia,Pune East,https://www.magicbricks.com/f5-felicia-hadapsar-pune-pdpid-4d4235303735353239
R177287,Lodha Amara,Thane,https://www.magicbricks.com/lodha-amara-kolshet-road-thane-pdpid-4d4235303931353233
R181559,Windlass River Valley,Dehradun,https://www.magicbricks.com/project-windlass-river-valley-for-sale-in-dehradun-pppfs
R213249,Godrej 101,Gurgaon,https://www.magicbricks.com/project-godrej-101-for-sale-in-gurgaon-pppfs
R217045,Grand Omaxe,Lucknow,https://www.magicbricks.com/project-grand-omaxe-for-sale-in-lucknow-pppfs
R217503,Unity  Group The Amaryllis,Central Delhi,https://www.magicbricks.com/project-unity-the-amaryllis-for-sale-in-new-delhi-pppfs
R227305,Kohinoor Courtyard One,Pune West,https://www.magicbricks.com/kohinoor-courtyard-one-wakad-pune-pdpid-4d4235333331333133
R237262,Piramal Vaikunth,Thane,https://www.magicbricks.com/project-piramal-vaikunth-1bhk-for-sale-in-thane-pppfs
R240957,The Emberlynn,Ahmedabad West,https://www.magicbricks.com/project-the-emberlynn-for-sale-in-ahmedabad-pppfs
R241639,Raunak City 4,Thane Outskirts,https://www.magicbricks.com/raunak-city-sector-4-kalyan-west-beyond-thane-pdpid-4d4235303834353637
R242381,Seven Eleven Apna Ghar,Mira Bhayandar,https://www.magicbricks.com/seven-eleven-apna-ghar-mira-road-mumbai-pdpid-4d4235303834393838
R249607,L and T Raintree Boulevard,Bangalore North,https://www.magicbricks.com/l&t-raintree-boulevard-hebbal-bangalore-pdpid-4d4235303836313833
R257195,The North Park by Adani Realty,Ahmedabad North,https://www.magicbricks.com/adani-the-north-park-sg-highway-ahmedabad-pdpid-4d4235303236303337
R257525,Hubtown The Premiere Residences,Western Mumbai,https://www.magicbricks.com/hubtown-premiere-residences-andheri-west-mumbai-pdpid-4d4235303837373332
R257934,Prithvi Pride,Mira Bhayandar,https://www.magicbricks.com/prithvi-pride-mira-road-mumbai-pdpid-4d4235313135313835
R258015,Indiabulls Park,Navi Mumbai,https://www.magicbricks.com/indiabulls-park-panvel-navi-mumbai-pdpid-4d4235303838393039
R260370,Assetz 63 Degree East,Bangalore East,https://www.magicbricks.com/assetz-63-degree-east-sarjapur-road-bangalore-pdpid-4d4235303930363937
R260992,Bhardwaj Sai Villas and Apartments,Raipur,https://www.magicbricks.com/sai-villas-classic-kumhari-raipur-pdpid-4d4235333330323039
R261296,Rosa Manhattan,Thane,https://www.magicbricks.com/project-rosa-manhattan-for-sale-in-thane-pppfs
R262638,Joyville Western Heights,Howrah,https://www.magicbricks.com/shapoorji-pallonji-joyville-western-heights-howrah-kolkata-pdpid-4d4235323338333237
R262668,Sipani Royal Heritage,Bangalore South,Not Found
R263555,Piramal Aranya,Mumbai South,Not Found
R266124,PNK Tiara Hills,Mira Bhayandar,https://www.magicbricks.com/pnk-tiara-hills-mira-road-mumbai-pdpid-4d4235303938323133
R267047,Runwal Nirvana,Mumbai South,https://www.magicbricks.com/project-runwal-nirvana-for-rent-in-mumbai-pppfr
R267635,Godrej Emerald,Thane,https://www.magicbricks.com/project-godrej-emerald-for-sale-in-thane-pppfs
R268137,Runwal Timeless,Mumbai South,https://www.magicbricks.com/project-runwal-timeless-3bhk-for-sale-in-mumbai-pppfs
R268287,Hiranandani  Solitaire,Thane,https://www.magicbricks.com/project-hiranandani-solitaire-for-sale-in-thane-pppfs
R268971,Puraniks City Reserva,Thane,https://www.magicbricks.com/puranik-city-reserva-ghodbunder-road-thane-pdpid-4d4235303935363335
R269167,Godrej Golf Links Evoke Villas,Greater Noida,https://www.magicbricks.com/godrej-golf-links-sector-27-greater-noida-pdpid-4d4235303935343433
R270475,Transcon Triumph,Western Mumbai,https://www.magicbricks.com/project-transcon-triumph-for-sale-in-mumbai-pppfs
R271917,Mani Casa,Kolkata East,https://www.magicbricks.com/mani-casa-new-town-kolkata-pdpid-4d4235303939303833
R272419,Newa Bhakti Park,Navi Mumbai,https://www.magicbricks.com/newa-bhakti-park-airoli-navi-mumbai-pdpid-4d4235303836363330
R272675,Kalpataru Paramount,Thane,https://www.magicbricks.com/project-kalpataru-paramount-for-sale-in-thane-pppfs
R273001,Charms Global City,Thane Outskirts,https://www.magicbricks.com/charms-global-city-ambernath-east-beyond-thane-pdpid-4d4235313434383839
R274847,Bhumiraj Hills,Navi Mumbai,https://www.magicbricks.com/bhumiraj-hills-cbd-belapur-navi-mumbai-pdpid-4d4235313232303735
R276781,Raghuvir Silverstone,Surat,https://www.magicbricks.com/project-raghuvir-silverstone-for-sale-in-surat-pppfs
R277213,The County Address,Bangalore East,https://www.magicbricks.com/eastern-county-frazer-town-bangalore-pdpid-4d4235303731353334
R278033,Puraniks Grand Central,Thane,https://www.magicbricks.com/project-puraniks-grand-central-for-sale-in-thane-pppfs
R279687,Ekta Tripolis,Western Mumbai,https://www.magicbricks.com/ekta-tripolis-goregaon-west-mumbai-pdpid-4d4235303031303039
R279801,Maple Aapla Ghar Moshi Annex,Pune North,https://www.magicbricks.com/aapla-ghar-wagholi-annexe-wagholi-pune-pdpid-4d4235303738333132
R281253,Ekta Parksville,Beyond Mira Road,https://www.magicbricks.com/shops-for-sale-in-virar-west-mumbai-pppfs
R282227,25 South,Mumbai South,https://www.magicbricks.com/hubtown-25-south-prabhadevi-mumbai-pdpid-4d4235313538353937
R282637,Zynergy,Central Mumbai,https://www.magicbricks.com/maa-ashapura-zynergy-chembur-mumbai-pdpid-4d4235313035393733
R292929,Tridhaatu Morya,Central Mumbai,https://www.magicbricks.com/tridhaatu-morya-chembur-mumbai-pdpid-4d4235313131393735
R294215,Arihant Aspire,Navi Mumbai,https://www.magicbricks.com/arihant-aspire-panvel-navi-mumbai-pdpid-4d4235313130373037
R295673,Tata 88 East,Kolkata South,https://www.magicbricks.com/88-east-alipore-kolkata-pdpid-4d4235313235333739
R296799,Aarambh,Western Mumbai,https://www.magicbricks.com/aarambh-mulund-west-mumbai-pdpid-4d4235303832383233
R297055,Godrej Nature Plus,Gurgaon,https://www.magicbricks.com/godrej-nature-plus-sohna-sector-33-gurgaon-pdpid-4d4235313132333731
R297469,Bhashyam Oxygen County,Hyderabad,https://www.magicbricks.com/project-plots-bhashyam-oxygen-county-for-sale-in-hyderabad-pppfs
R301705,Pintail Park City,Lucknow,https://www.magicbricks.com/pintail-park-city-sultanpur-road-lucknow-pdpid-4d4235313133383039
R302149,AGI Sky Garden,Jalandhar,https://www.magicbricks.com/agi-sky-garden-grand-trunk-road-jalandhar-pdpid-4d4235333036333631
R305723,VTP Hilife,Pune West,https://www.magicbricks.com/project-vtp-hilife-3bhk-for-sale-in-pune-pppfs
R306189,Rohan Upavan,Bangalore North,https://www.magicbricks.com/rohan-upavan-hennur-main-road-bangalore-pdpid-4d4235313136393139
R306863,Total Environment In That Quiet Earth,Bangalore North,https://www.magicbricks.com/total-environment-in-that-quiet-earth-hennur-main-road-bangalore-pdpid-4d4235313138323135
R307145,Hari Ashray Nagar,Haridwar,https://www.magicbricks.com/hari-ashray-nagar-patanjali-haridwar-pdpid-4d4235313236323233
R307763,Happy Nakshatra Galaxia,Surat,https://www.magicbricks.com/project-nakshatra-galaxia-for-sale-in-surat-pppfs
R307881,Trump Tower Kolkata,Kolkata South,https://www.magicbricks.com/unimark-trump-tower-em-bypass-kolkata-pdpid-4d4235313835393433
R308585,Mantra 29 Gold Coast,Pune East,https://www.magicbricks.com/project-mantra-29-gold-coast-phase-6-for-rent-in-pune-pppfr
R312425,Lodha Sterling,Thane,https://www.magicbricks.com/project-lodha-sterling-3bhk-for-sale-in-thane-pppfs
R314387,VJ YNC Yashwin Nuovocentro,Pune West,https://www.magicbricks.com/vilas-javdekar-yashwin-nuovo-centro-wakad-pune-pdpid-4d4235333331323635
R314819,Ashtvinayaka Shanti Kunj City,Raipur,Not Found
R315391,Regency Anantam,Thane Outskirts,https://www.magicbricks.com/regency-anantam-dombivli-east-beyond-thane-pdpid-4d4235313138333131
R316063,Triworld Royal Residency,Jalandhar,https://www.magicbricks.com/triworld-royal-residency-66-feet-road-jalandhar-pdpid-4d4235333331383733
R316305,Rama Fusion Towers,Pune West,https://www.magicbricks.com/rama-fusion-towers-hinjewadi-pune-pdpid-4d4235313138363433
R317563,Swaminarayan City,Thane Outskirts,Not Found
R318259,The Soul,Kolkata East,https://www.magicbricks.com/project-ps-the-soul-2bhk-for-sale-in-kolkata-pppfs
R318631,Sapphire Royale,Lucknow,https://www.magicbricks.com/project-plots-sapphire-royale-for-sale-in-lucknow-pppfs
R318679,Hero Homes,Gurgaon,https://www.magicbricks.com/hero-homes-sector-104-gurgaon-pdpid-4d4235313139323831
R319017,Kumar Palmspring Towers,Pune South,https://www.magicbricks.com/kumar-palmspring-towers-undri-pune-pdpid-4d4235313534303833
R319245,Solaris City Serampore,Hooghly,https://www.magicbricks.com/eden-solaris-city-serampore-serampore-kolkata-pdpid-4d4235313332393133
R319475,Adani Atelier Greens,Pune East,https://www.magicbricks.com/project-adani-atelier-greens-for-sale-in-pune-pppfs
R319527,Sobha Dream Gardens,Bangalore North,https://www.magicbricks.com/project-sobha-dream-gardens-1bhk-for-sale-in-bangalore-pppfs
R320141,Godrej Air,Gurgaon,https://www.magicbricks.com/godrej-air-sector-85-gurgaon-pdpid-4d4235313139343037
R320197,Nityanand Swanand Bliss,Thane Outskirts,Not Found
R324453,Sobha Royal Pavilion,Bangalore East,https://www.magicbricks.com/sobha-royal-pavilion-sarjapur-road-bangalore-pdpid-4d4235313230373339
R326189,Rohan Ananta,Pune West,https://www.magicbricks.com/rohan-ananta-tathawade-pune-pdpid-4d4235313232353135
R326299,VTP Township Codename Blue Waters,Pune West,https://www.magicbricks.com/vtp-blue-waters-mahalunge-pune-pdpid-4d4235313232393533
R326357,My Home Ankura,Hyderabad,https://www.magicbricks.com/my-home-ankura-tellapur-hyderabad-pdpid-4d4235313237393231
R326693,Gagan Klara,Pune West,https://www.magicbricks.com/project-gagan-klara-for-sale-in-pune-pppfs
R326897,T Bhimjyani Verraton,Thane,https://www.magicbricks.com/t-bhimjyani-the-verraton-manpada-thane-west-thane-pdpid-4d4235313234363535
R326899,M3M Skycity,Gurgaon,https://www.magicbricks.com/m3m-skycity-sector-65-gurgaon-pdpid-4d4235313233373333
R327273,County 107,Noida,https://www.magicbricks.com/county-107-sector-107-noida-pdpid-4d4235313234373439
R327713,Merlin Urvan,Kolkata North,https://www.magicbricks.com/project-merlin-urvan-for-sale-in-kolkata-pppfs
R327995,Adani Brahma Samsara Vilasa,Gurgaon,https://www.magicbricks.com/adani-samsara-vilasa-sector-63-gurgaon-pdpid-4d4235313233313437
R328335,Shree Signature Park,Pune West,https://www.magicbricks.com/shree-sonigara-signature-park-wakad-pune-pdpid-4d4235313233323239
R328383,Kakkad La Vida,Pune West,Not Found
R328903,L and T Seawoods Residences,Navi Mumbai,Not Found
R329309,Paradigm Antalya,Western Mumbai,https://www.magicbricks.com/paradigm-antalya-oshiwara-mumbai-pdpid-4d4235323032383739
R330299,Eternia at Kalpataru Parkcity,Thane,https://www.magicbricks.com/eternia-at-kalpataru-parkcity-kolshet-road-thane-pdpid-4d4235333239373031
R331815,One Akshar,Navi Mumbai,Not Found
R332669,Urban Greens Phase 2,Kolkata East,https://www.magicbricks.com/loharuka-urban-greens-phase-2-rajarhat-kolkata-pdpid-4d4235323131353531
R333811,ATS Nobility,Greater Noida,Not Found
R333823,Tulip Infinity World,Pune West,Not Found
R333965,Highpark,Raipur,https://www.magicbricks.com/high-park-phase-2-shankar-nagar-raipur-pdpid-4d4235333932313335
R334377,Regency Palms,Navi Mumbai,Not Found
R335345,Casagrand Zenith,Chennai South,Not Found
R336079,Sobha Dream Heights,Gandhinagar,https://www.magicbricks.com/sobha-dream-heights-gift-city-gandhinagar-pdpid-4d4235313233343837
R336353,Swapnabhoomi,Surat,https://www.magicbricks.com/swapnabhoomi-vesu-surat-pdpid-4d4235323531333837
R336791,Birla Alokya,Bangalore East,Not Found
R337233,Venkatesh Skydale,Pune South,Not Found
R338307,Durga Shivam Heights,Ranchi,https://www.magicbricks.com/durga-shivam-heights-doranda-ranchi-pdpid-4d4235343138393837
R339289,Godrej Nirvaan,Thane Outskirts,https://www.magicbricks.com/godrej-nirvaan-kalyan-west-beyond-thane-pdpid-4d4235313236323531
R339929,Amolik Sankalp,Faridabad,https://www.magicbricks.com/amolik-sankalp-sector-85-faridabad-pdpid-4d4235313430383633
R339947,Lodha Vista,Mumbai South,Not Found
R340659,Rama Metro Life Maxima Residences,Pune West,https://www.magicbricks.com/rama-metro-life-maxima-residences-tathawade-pune-pdpid-4d4235313236353633
R341277,BPTP District 4,Faridabad,https://www.magicbricks.com/bptp-district-4-sector-84-faridabad-pdpid-4d4235343137333137
R341455,Crown Thane Lodha  Quality Homes,Thane,https://www.magicbricks.com/crown-lodha-quality-homes-majiwada-thane-pdpid-4d4235323438343931
R342109,Runwal Gardens,Thane Outskirts,https://www.magicbricks.com/runwal-eirene-balkum-village-thane-pdpid-4d4235303239323430
R343931,Solitaire Valley,Allahabad,https://www.magicbricks.com/the-innovators-solitaire-valley-jhalwa-allahabad-pdpid-4d4235303938363235
R343951,Godrej Park Greens,Pune North,https://www.magicbricks.com/godrej-park-greens-mamurdi-pune-pdpid-4d4235313435323233
R344037,Vantage Twenty One,Pune West,Not Found
R344055,Majestique Signature Towers,Pune West,Not Found
R344375,Mahavir Spring,Thane,https://www.magicbricks.com/damji-shamji-mahavir-spring-pokharan-road-number-2-thane-pdpid-4d4235313333353437
R345245,Alcove New Kolkata Sangam,Hooghly,https://www.magicbricks.com/alcove-new-kolkata-sangam-serampore-kolkata-pdpid-4d4235313238393235
R346187,Raghuvir Spalex,Surat,https://www.magicbricks.com/raghuvir-spalex-vesu-surat-pdpid-4d4235333037373435
R348287,Kalpataru Vienta,Western Mumbai,https://www.magicbricks.com/kalpataru-vienta-kandivali-east-mumbai-pdpid-4d4235313331303239
R348297,Ganga Serio,Pune East,Not Found
R351013,Birla Navya,Gurgaon,https://www.magicbricks.com/birla-navya-sector-63a-gurgaon-pdpid-4d4235313430393333
R351117,ANP Atlantis,Pune West,https://www.magicbricks.com/anp-atlantis-balewadi-pune-pdpid-4d4235313335383335
R351855,Prestige Fairfield,Bangalore North,Not Found
R351977,Park Astra,Pune West,Not Found
R352115,Godrej Exquisite,Thane,Not Found
R352551,Arun Excello  SHARADA,Chennai South,Not Found
R353221,Ganga Altus,Pune East,Not Found
R353830,Supreme Estia,Pune West,Not Found
R353930,Lodha Bella Vista,Thane,Not Found
R354160,Mantra Monarch,Pune West,Not Found
R354428,Piya Hill View,Guwahati,https://www.magicbricks.com/pragjyotish-piya-hill-view-jalukbari-guwahati-pdpid-4d4235323239323135
R354496,Urban Lakes,Hooghly,Not Found
R354522,Dosti Eastern Bay,Mumbai South,https://www.magicbricks.com/dosti-eastern-bay-wadala-east-mumbai-pdpid-4d4235313933373939
R355218,Viceroy SAVANA,Western Mumbai,https://www.magicbricks.com/viceroy-savana-kandivali-east-mumbai-pdpid-4d4235313330343239
R355530,Runwal The Central Park,Pune North,Not Found
R355796,Vinayak Garden Valley,Ranchi,https://www.magicbricks.com/garden-valley-hesag-ranchi-pdpid-4d4235323234333933
R367110,Godrej Boulevard,Pune East,Not Found
R367435,Safal Riviera Springs,Ahmedabad West,https://www.magicbricks.com/goyal-riviera-springs-shela-ahmedabad-pdpid-4d4235313839333230
R367593,Srinath Shikhar,Jamshedpur,https://www.magicbricks.com/srinath-shikhar-mango-jamshedpur-pdpid-4d4235313330393133
R367600,Royal Aananda,Trichy,Not Found
R367813,Parklane Lifeseasons,Pune East,Not Found
R367852,Majestique Marbella,Pune East,Not Found
R368890,SKA Divya Towers,Greater Noida,https://www.magicbricks.com/ska-divya-towers-noida-extension-noida-pdpid-4d4235313838383838
R368900,Prestige Waterford,Bangalore East,Not Found
R368959,Anmol Alpine Vistas,Hyderabad,https://www.magicbricks.com/ar-alpine-vistas-patancheru-hyderabad-pdpid-4d4235323135323433
R369007,Vilas Javdekar Yashwin Orizzonte,Pune East,https://www.magicbricks.com/vilas-javdekar-yashwin-orizzonte-kharadi-pune-pdpid-4d4235313838393832
R370043,Dynamix Avanya,Western Mumbai,Not Found
R370086,Urban Skyline,Pune West,Not Found
R370984,PS Navyom,Kolkata South,Not Found
R371035,Runwal Avenue,Central Mumbai,Not Found
R371039,Bhagwati Greens 2,Navi Mumbai,https://www.magicbricks.com/bhagwati-greens-2-kharghar-navi-mumbai-pdpid-4d4235313237383533
R371290,Godrej Green Cove,Pune West,https://www.magicbricks.com/godrej-green-cove-mahalunge-pune-pdpid-4d4235313931343539
R371291,Rahul Aston,Pune West,https://www.magicbricks.com/rahul-aston-hinjewadi-phase-1-pune-pdpid-4d4235323138333733
R371328,Assotech Pride,Bhubaneswar,Not Found
R371504,Godrej Park Springs,Pune East,https://www.magicbricks.com/godrej-park-springs-manjari-khurd-pune-pdpid-4d4235343235343131
R372021,Millennium Pacific,Pune West,https://www.magicbricks.com/millennium-pacific-tathawade-pune-pdpid-4d4235323734393331
R372184,Raghuvir Satva,Surat,https://www.magicbricks.com/raghuvir-satva-vesu-surat-pdpid-4d4235333037373233
R372334,Southern Vista,Kolkata South,https://www.magicbricks.com/arizuma-southern-vista-rajpur-sonarpur-kolkata-pdpid-4d4235323236343231
R372417,Kolte Patil R10 at Life Republic,Pune West,Not Found
R372512,Sarsan Nancy Hillview,Pune West,https://www.magicbricks.com/nancy-hill-view-baner-pune-pdpid-4d4235333336383935
R372608,Aparna Serenity,Hyderabad,https://www.magicbricks.com/aparna-serenity-kompally-hyderabad-pdpid-4d4235323231323137
R373177,Shilp Revanta,Ahmedabad West,https://www.magicbricks.com/shilp-revanta-shela-ahmedabad-pdpid-4d4235323236313935
R373727,Goel Ganga Asmi,Pune West,Not Found
R373932,Ajmera Greenfinity,Mumbai South,Not Found
R374375,Sheth 72 West,Western Mumbai,https://www.magicbricks.com/sheth-72-west-andheri-west-mumbai-pdpid-4d4235323733303131
R374696,Veda II,Vadodara,https://www.magicbricks.com/alembic-veda-2-nizampura-vadodara-pdpid-4d4235333033353335
R375092,Provident Palmvista,Navi Mumbai,Not Found
R375888,Srishtis Imperia,Raipur,Not Found
R376782,Aastha ATC Majestic,Jamshedpur,https://www.magicbricks.com/aastha-atc-majestic-baridih-jamshedpur-pdpid-4d4235333234333939
R377130,Pramukh Vedanta,Vapi,https://www.magicbricks.com/pramukh-vedanta-chala-vapi-pdpid-4d4235333331363431
R377457,Venus Pashmina,Ahmedabad West,Not Found
R377702,Sobha Manhattan Towers Town Park,Bangalore South,Not Found
R377897,Bhagwati Elysia 1,Navi Mumbai,https://www.magicbricks.com/bhagwati-elysia-pushpak-nagar-navi-mumbai-pdpid-4d4235343235323731
R378039,Rustomjee Bella,Central Mumbai,Not Found
R378339,Safal Orchid Valley,Ahmedabad West,https://www.magicbricks.com/orchid-valley-shela-ahmedabad-pdpid-4d4235323932353531
R378396,Saga Enstin Evoq,Ahmedabad West,https://www.magicbricks.com/enstin-evoq-science-city-road-ahmedabad-pdpid-4d4235323835383537
R378471,Serene Elegancy,Ahmedabad West,Not Found
R378769,Primespace The Address,Pune West,Not Found
R378931,L and T Veridian at Emerald Isle,Central Mumbai,https://www.magicbricks.com/l-&-t-veridian-at-emerald-isle-powai-mumbai-pdpid-4d4235343136393835
R378934,Signature Global City,Gurgaon,https://www.magicbricks.com/signature-global-city-37d-sector-37d-gurgaon-pdpid-4d4235323933343339
R378950,Deep Indraprasth Saptak,Ahmedabad West,Not Found
R379347,ARV Uthville,Pune East,https://www.magicbricks.com/arv-uthville-kharadi-pune-pdpid-4d4235333234333731
R379387,Bhartiya City Nikoo Homes 4,Bangalore North,Not Found
R379547,Shree Krupasindhu,Belgaum,Not Found
R379586,Excellaa Tremont,Pune East,Not Found
R379597,Agarwal Floresta,Western Mumbai,https://www.magicbricks.com/agarwal-floresta-maple-goregaon-east-mumbai-pdpid-4d4235333135333539
R379657,Signature Global City 92,Gurgaon,https://www.magicbricks.com/signature-global-city-92-sector-92-gurgaon-pdpid-4d4235333132373533
R379724,Turquoise Greenz,Ahmedabad West,https://www.magicbricks.com/project-turquoise-greenz-for-sale-in-ahmedabad-pppfs
R379927,Prescon Midtown Bay,Mumbai South,https://www.magicbricks.com/project-rising-sun-midtown-bay-for-sale-in-mumbai-pppfs
R379932,VTP Altair,Pune East,https://www.magicbricks.com/project-vtp-altair-3bhk-for-sale-in-pune-pppfs
R379963,Vishwanath Maher Select,Ahmedabad West,https://www.magicbricks.com/project-vishwanath-maher-select-for-sale-in-ahmedabad-pppfs
R380104,Welworth Purnam,Pune West,https://www.magicbricks.com/project-welworth-purnam-for-sale-in-pune-pppfs
R380299,Solus,Kolkata North,https://www.magicbricks.com/solus-madhyam-gram-kolkata-pdpid-4d4235333035323539
R380395,Vision Aristo,Pune West,https://www.magicbricks.com/vision-aristo-ravet-pune-pdpid-4d4235333037373731
R380630,Sobha Avalon,Gandhinagar,https://www.magicbricks.com/project-sobha-avalon-for-sale-in-gandhinagar-pppfs
R380719,Eldeco Imperia,Lucknow,https://www.magicbricks.com/eldeco-imperia-phase-ii-bijnor-road-lucknow-pdpid-4d4235343138353139
R380736,Kailasha Enclave,Lucknow,https://www.magicbricks.com/project-plots-kailasha-enclave-for-sale-in-lucknow-pppfs
R380788,Delta Heights,Navi Mumbai,Not Found
R380808,Swati Senor,Ahmedabad West,https://www.magicbricks.com/swati-senor-ambli-bopal-road-ahmedabad-pdpid-4d4235333139353335
R381204,Vertex District,Hyderabad,Not Found
R381252,Osian One And Only Phase 1,Pune East,https://www.magicbricks.com/project-kanchan-osian-one-and-only-for-sale-in-pune-pppfs
R381402,Sejal Siddha Sky,Mumbai South,https://www.magicbricks.com/siddha-sky-wadala-east-mumbai-pdpid-4d4235313234363131
R381481,Platinum 53 West,Western Mumbai,https://www.magicbricks.com/platinum-53-west-andheri-west-mumbai-pdpid-4d4235333138323031
R381498,Laxmi Shrushti,Western Mumbai,https://www.magicbricks.com/laxmi-shrushti-goregaon-west-mumbai-pdpid-4d4235333235323237
R381585,ANP Memento,Pune West,https://www.magicbricks.com/anp-memento-wakad-pune-pdpid-4d4235333038333833
R381615,Kunal The Canary,Pune West,Not Found
R381755,GK Aarcon,Pune West,https://www.magicbricks.com/project-gk-aarcon-2bhk-for-sale-in-pune-pppfs
R381799,DRA D Elite,Chennai South,https://www.magicbricks.com/project-dra-d-elite-for-sale-in-chennai-pppfs
R381806,MV Silver Oak,Patna,https://www.magicbricks.com/silver-oak-danapur-patna-pdpid-4d4235323639363037
R381902,Vinayak Vaastu Apartment,Agartala,Not Found
R381922,Madhav Oeuvre 2,Ahmedabad West,https://www.magicbricks.com/project-madhav-oeuvre-2-for-sale-in-ahmedabad-pppfs
R381965,Shri Swastik Royale Avenue,Raipur,Not Found
R381968,Rajyash Regius,Ahmedabad West,https://www.magicbricks.com/project-rajyash-regius-for-sale-in-ahmedabad-pppfs
R382107,Miravet District,Pune West,https://www.magicbricks.com/project-aswani-miravet-district-for-sale-in-pune-pppfs
R382144,Lodha Codename Premier,Thane Outskirts,https://www.magicbricks.com/lodha-codename-premier-dombivli-east-beyond-thane-pdpid-4d4235333139353333
R382172,Sukhwani Kingsley,Pune North,https://www.magicbricks.com/project-sukhwani-kingsley-3bhk-for-sale-in-pune-pppfs
R382211,Deep Indraprasth Shivanta,Ahmedabad West,https://www.magicbricks.com/project-deep-indraprasth-shivanta-for-sale-in-ahmedabad-pppfs
R382246,Arham Urbania,Aurangabad,Not Found
R382262,Suraj Vitalis,Mumbai South,Not Found
R382638,Gurukrupa Vyom,Western Mumbai,https://www.magicbricks.com/project-gurukrupa-vyom-4bhk-for-sale-in-mumbai-pppfs
R382646,PIV Ayaan,Ahmedabad West,https://www.magicbricks.com/project-ayaan-for-sale-in-ahmedabad-pppfs
R382695,Asmi Legacy,Western Mumbai,Not Found
R382710,VTP Verve,Pune West,Not Found
R382759,Madhav Opulence,Surat,https://www.magicbricks.com/madhav-opulence-pal-surat-pdpid-4d4235333235343235
R382816,Srijan Botanica,Kolkata South,https://www.magicbricks.com/botanica-em-bypass-kolkata-pdpid-4d4235323731353533
R382835,Dotom Sapphire,Western Mumbai,https://www.magicbricks.com/project-sapphire-dotom-isle-for-sale-in-mumbai-pppfs
R382837,Park Titan,Pune West,https://www.magicbricks.com/project-pride-park-titan-for-rent-in-pune-pppfr
R382859,Green Exotica,Siliguri,https://www.magicbricks.com/project-green-exotica-for-sale-in-siliguri-pppfs
R383756,Magarpatta Riverview City,Pune East,https://www.magicbricks.com/project-magarpatta-riverview-city-falcon-towers-for-sale-in-pune-pppfs
R383839,DLF One Midtown,West Delhi,https://www.magicbricks.com/dlf-one-midtown-moti-nagar-new-delhi-pdpid-4d4235333234373937
R383861,Synthesis Altius Viitor,Ahmedabad West,https://www.magicbricks.com/synthesis-altius-viitor-ambli-bopal-road-ahmedabad-pdpid-4d4235333236353433
R383882,Rustomjee Uptown Urbania,Thane,https://www.magicbricks.com/rustomjee-uptown-urbania-thane-west-thane-pdpid-4d4235333234383831
R383944,Green View,Ahmedabad North,https://www.magicbricks.com/greenview-avenue-sg-highway-ahmedabad-pdpid-4d4235303338343839
R384184,Aurum Legacy,Ahmedabad West,https://www.magicbricks.com/project-shafalya-aurum-legacy-for-sale-in-ahmedabad-pppfs
R384296,Viyaan Ananta,Aurangabad,Not Found
R384329,Orchid Gardenia,Surat,https://www.magicbricks.com/orchid-gardenia-palanpur-surat-pdpid-4d4235333235343233
R384377,Pramukh Aristo,Vapi,https://www.magicbricks.com/pramukh-aristo-chala-vapi-pdpid-4d4235333331363337
R384676,Satguru ARV Riviera,Indore,https://www.magicbricks.com/project-plots-satguru-arv-riviera-for-sale-in-indore-pppfs
R384755,Ace Abode,Pune West,Not Found
R384964,Sheth Vasant Blossom,Western Mumbai,https://www.magicbricks.com/sheth-vasant-blossom-andheri-east-mumbai-pdpid-4d4235333235373931
R385000,Assetz Marq 3,Bangalore East,https://www.magicbricks.com/project-assetz-marq-3.0-for-sale-in-bangalore-pppfs
R385154,Avadh Bertina,Surat,https://www.magicbricks.com/project-avadh-bertina-for-sale-in-surat-pppfs
R385201,Ajmera Manhattan,Mumbai South,https://www.magicbricks.com/project-ajmera-manhattan-for-sale-in-mumbai-pppfs
R385349,Meridian Park at The Prestige City,Bangalore East,https://www.magicbricks.com/meridian-park-at-the-prestige-city-sarjapur-road-bangalore-pdpid-4d4235333235373539
R385429,Owais Shagun Prime,Kota,Not Found
R385561,Saanvi Nirman Stellar,Ahmedabad West,https://www.magicbricks.com/project-saanvi-nirman-stellar-for-sale-in-ahmedabad-pppfs
R386093,Kohinoor Prime,Thane Outskirts,Not Found
R386131,Venkatesh Erandwane Central,Pune Central,https://www.magicbricks.com/venkatesh-erandwane-central-erandwane-pune-pdpid-4d4235333237303135
R386719,DLH Legacy,Western Mumbai,https://www.magicbricks.com/project-dlh-legacy-for-sale-in-mumbai-pppfs
R386756,Mantra Mirari,Pune East,https://www.magicbricks.com/project-mantra-mirari-3bhk-for-sale-in-pune-pppfs
R386796,Roshan Milestone,Pune West,https://www.magicbricks.com/project-roshan-milestone-for-sale-in-pune-pppfs
R387165,Raja Garden Enclave,Haridwar,https://www.magicbricks.com/residential-plots-land-for-sale-in-raja-garden-colony-haridwar-pppfs
R387255,L and T Elixir Reserve,Central Mumbai,https://www.magicbricks.com/project-landt-elixir-reserve-4bhk-for-sale-in-mumbai-pppfs
R387301,Samanvay Scintilla,Ahmedabad West,https://www.magicbricks.com/ashapura-samanvay-scintilla-south-bopal-ahmedabad-pdpid-4d4235333237313339
R387304,Dosti Nest,Thane,Not Found
R387704,Marquis Royal Palm,Navi Mumbai,https://www.magicbricks.com/royal-palm-ulwe-navi-mumbai-pdpid-4d4235343235383931
R387813,Lodha Bellagio,Central Mumbai,https://www.magicbricks.com/lodha-bellagio-powai-mumbai-pdpid-4d4235333237323933
R387854,Shri Ratan Address,Mumbai South,Not Found
R387885,Velx Basil Mondale,Pune East,https://www.magicbricks.com/basil-mondale-keshav-nagar-pune-pdpid-4d4235333330323435
R387923,Sanctuary,Kolkata South,Not Found
R388006,Paradise Sai Suncity,Navi Mumbai,https://www.magicbricks.com/paradise-sai-sun-city-taloja-navi-mumbai-pdpid-4d4235333331353633
R388125,Safal Riviera Aspire,Ahmedabad West,https://www.magicbricks.com/project-safal-riviera-aspire-for-sale-in-ahmedabad-pppfs
R388166,DLH Leo Tower,Western Mumbai,https://www.magicbricks.com/dlh-leo-tower-andheri-west-mumbai-pdpid-4d4235333237313737
R388179,VTP Bellissimo,Pune West,https://www.magicbricks.com/vtp-bellissimo-hinjewadi-pune-pdpid-4d4235333237303033
R388275,Aishwaryam Insignia,Pune West,https://www.magicbricks.com/project-aishwaryam-insignia-for-sale-in-pune-pppfs
R388904,Eon One,Mumbai South,https://www.magicbricks.com/project-eon-one-for-sale-in-mumbai-pppfs
R389184,Eminence 96,Ahmedabad West,https://www.magicbricks.com/arista-eminence-96-thaltej-ahmedabad-pdpid-4d4235333330333531
R389201,GBN Skywalk,Patna,https://www.magicbricks.com/gbn-skywalk-danapur-patna-pdpid-4d4235333331323739
R389216,Sureka Sunrise Aura,Kolkata South,https://www.magicbricks.com/sureka-sunrise-aura-southern-bypass-kolkata-pdpid-4d4235333331333531
R389221,Vivan,Vapi,https://www.magicbricks.com/pramukh-vivan-chala-vapi-pdpid-4d4235333331363435
R389386,Tricity Montview,Navi Mumbai,Not Found
R389414,Gundecha Rexon Suites Phase 1,Western Mumbai,https://www.magicbricks.com/gundecha-rexon-suites-phase-1-goregaon-west-mumbai-pdpid-4d4235343230333739
R389427,Codename Rare by Runwal,Western Mumbai,https://www.magicbricks.com/codename-rare-by-runwal-dn-nagar-mumbai-pdpid-4d4235333332303231
R389447,Bhaveshwar Valencia,Navi Mumbai,Not Found
R389482,RGS Forte,Pune West,https://www.magicbricks.com/rgs-forte-wakad-pune-pdpid-4d4235333239373133
R389483,Gini Vivante,Pune West,Not Found
R389667,Godrej Ascend,Thane,https://www.magicbricks.com/godrej-ascend-kolshet-road-thane-pdpid-4d4235333331393031
R389945,Shaligram Felicity,Surat,https://www.magicbricks.com/shaligram-felicity-pal-surat-pdpid-4d4235333333393133
R389970,Vihang Marina,Thane,https://www.magicbricks.com/vihang-marina-bhayandarpada-thane-pdpid-4d4235333530373235
R390200,Antonia The Sky Villa,Nashik,https://www.magicbricks.com/antonia-the-sky-villa-govind-nagar-nashik-pdpid-4d4235333838303037
R390295,Paradigm Anantaara,Western Mumbai,https://www.magicbricks.com/shubhyuvi-paradigm-anantaara-borivali-west-mumbai-pdpid-4d4235343137363031
R390423,Unique Poonam Sky City,Beyond Mira Road,https://www.magicbricks.com/unique-sky-city-virar-west-mumbai-pdpid-4d4235333333363235
R390851,Raghav Paradise,Western Mumbai,Not Found
R391079,Pristine Allure,Pune East,Not Found
R391580,DLF The Grove,Gurgaon,Not Found
R391642,Avadh Habitat,Surat,Not Found
R391741,TVS Emerald Jardin,Bangalore South,Not Found
R392363,Imperia Vista,Ahmedabad North,Not Found
R392486,Nutan Lotus Plaza,Patna,Not Found
R392724,Salasar Sun Sarvam,Surat,https://www.magicbricks.com/sun-sarvam-vesu-surat-pdpid-4d4235333333393139
R393040,Godrej Splendour,Bangalore East,Not Found
R393086,Times 104,Ahmedabad West,https://www.magicbricks.com/times-104-bodakdev-ahmedabad-pdpid-4d4235333332373837
R393387,Samor The Gold SkyVilla,Ahmedabad West,https://www.magicbricks.com/the-gold-skyvilla-hebatpur-ahmedabad-pdpid-4d4235333332383835
R393496,Kohinoor Kaleido,Pune East,Not Found
R393506,Bhagwati Belleza,Navi Mumbai,Not Found
R393508,Signature Global Park 4,Gurgaon,Not Found
R393707,Integrated Ramicon,Western Mumbai,Not Found
R393896,The 31st,Ahmedabad West,Not Found
R393900,EKA Elitas,Pune Central,Not Found
R394019,Mohan Precious Greens,Thane Outskirts,Not Found
R394347,Piya Castle,Guwahati,https://www.magicbricks.com/pragjyotish-piya-castle-chandmari-guwahati-pdpid-4d4235343231373437
R394516,Protech Tarun Nagar,Guwahati,https://www.magicbricks.com/protech-tarun-nagar-tarun-nagar-guwahati-pdpid-4d4235343235353335
R394754,Subham Garden,Jorhat,Not Found
R394867,Lodha Marq,Mumbai South,Not Found
R394877,My Home Wakad,Pune West,https://www.magicbricks.com/goyal-my-homes-wakad-wakad-pune-pdpid-4d4235333333313531
R394878,Aaiji Crystal,Pune East,Not Found
R395132,Lodha Codename Evergreen,Central Mumbai,https://www.magicbricks.com/lodha-codename-evergreen-vikhroli-west-mumbai-pdpid-4d4235333333373931
R395389,Signature Global City 63A,Gurgaon,https://www.magicbricks.com/signature-global-city-63a-sector-63a-gurgaon-pdpid-4d4235333333323633
R395412,Ashiana Malhar,Pune West,https://www.magicbricks.com/project-ashiana-malhar-for-rent-in-pune-pppfr
R395609,Ambuja Urvisha The Condoville,Kolkata East,https://www.magicbricks.com/ambuja-urvisha-the-condoville-new-town-kolkata-pdpid-4d4235333239373039
R396053,Vivaan Ixora,Ahmedabad North,https://www.magicbricks.com/project-vivaan-ixora-for-sale-in-ahmedabad-pppfs
R396057,Anantmani,Kolkata North,https://www.magicbricks.com/anant-mani-manicktala-kolkata-pdpid-4d4235333333343333
R396601,Raheja Solaris 2,Navi Mumbai,https://www.magicbricks.com/raheja-solaris-ii-juinagar-navi-mumbai-pdpid-4d4235333337353839
R396682,Engrace by Modern Spaaces,Bangalore East,https://www.magicbricks.com/engrace-by-modern-spaaces-sarjapur-road-bangalore-pdpid-4d4235333333373737
R396796,Pristine iLife,Pune East,https://www.magicbricks.com/project-pristine-ilife-mundhwa-for-sale-in-pune-pppfs
R396842,Orchid IVY Floors,Gurgaon,https://www.magicbricks.com/orchid-ivy-sector-51-gurgaon-pdpid-4d4235333335383833
R396862,Swarit,Vapi,https://www.magicbricks.com/swarit-chala-vapi-pdpid-4d4235333333383239
R396873,MM Orion Planet,Indore,https://www.magicbricks.com/orion-planet-bhawrasla-indore-pdpid-4d4235333333323333
R396921,Nemi Bhavan,Western Mumbai,https://www.magicbricks.com/nemi-bhavan-goregaon-west-mumbai-pdpid-4d4235343039353735
R396925,Majestique The Ornate,Pune West,https://www.magicbricks.com/project-majestique-the-ornate-for-sale-in-pune-pppfs
R396980,Atri Rays,Kolkata South,https://www.magicbricks.com/atri-rays-narendrapur-kolkata-pdpid-4d4235333336383835
R396984,Whiteland Blissville,Gurgaon,https://www.magicbricks.com/whiteland-blissville-sector-76-gurgaon-pdpid-4d4235333335303631
R397102,Kalpataru Oceana,Mumbai South,https://www.magicbricks.com/kalpataru-oceana-prabhadevi-mumbai-pdpid-4d4235333333343535
R397113,Sanctorum,Kolkata North,https://www.magicbricks.com/project-honeybird-sanctorum-2bhk-for-sale-in-kolkata-pppfs
R397275,DLF The Valley Gardens,Panchkula,https://www.magicbricks.com/dlf-the-valley-gardens-sector-3-panchkula-pdpid-4d4235303232373235
R397709,Godrej Woodsville,Pune West,https://www.magicbricks.com/project-godrej-woodsville-for-sale-in-pune-pppfs
R397783,Lodha Bellevue Tower 3,Mumbai South,Not Found
R398004,Shaligram Luxuria,Ahmedabad West,https://www.magicbricks.com/project-shaligram-luxuria-for-sale-in-ahmedabad-pppfs
R398066,Avadh Ercole,Surat,https://www.magicbricks.com/project-avadh-ercole-for-sale-in-surat-pppfs
R398093,Pushpanjali Poetree,Ranchi,Not Found
R398191,Godrej Green Estate,Sonipat,https://www.magicbricks.com/project-plots-godrej-green-estate-for-sale-in-sonipat-pppfs
R398226,Neels West Wind,Navi Mumbai,https://www.magicbricks.com/neels-west-wind-ulwe-navi-mumbai-pdpid-4d4235333335373635
R398444,Radiance Flourish,Chennai North,https://www.magicbricks.com/radiance-flourish-tiruvottiyur-chennai-pdpid-4d4235333434323733
R398521,Shreepad Inspire,Surat,https://www.magicbricks.com/project-shreepad-inspire-for-sale-in-surat-pppfs
R398547,Raghuvir Sheron,Surat,https://www.magicbricks.com/project-raghuvir-sheron-for-sale-in-surat-pppfs
R398564,JP Infra Codename Highway Touch,Western Mumbai,https://www.magicbricks.com/jp-codename-highway-touch-jogeshwari-east-mumbai-pdpid-4d4235333336353633
R398586,Ceratec Presidential Towers,Pune West,https://www.magicbricks.com/ceratec-presidential-towers-ravet-pune-pdpid-4d4235333336333639
R398591,Austin Lush Residences,Pune West,https://www.magicbricks.com/project-austin-lush-residences-3bhk-for-sale-in-pune-pppfs
R398622,Orilite lifespaces Benchmark X,Kota,Not Found
R398757,Trendsquares Ortus 3,Bangalore North,https://www.magicbricks.com/project-trendsquares-ortus-iii-for-sale-in-bangalore-pppfs
R398803,Swati Symphony,Ahmedabad West,https://www.magicbricks.com/project-swati-symphony-for-sale-in-ahmedabad-pppfs
R398938,Madhav Oeuvre 3,Ahmedabad West,https://www.magicbricks.com/project-madhav-oeuvre-3-for-sale-in-ahmedabad-pppfs
R398992,Haridwar Paradise,Haridwar,Not Found
R398993,Vertillas,Pune East,https://www.magicbricks.com/project-spectrum-vertillas-for-sale-in-pune-pppfs
R399000,ATS Bonheur Avenue,Gurgaon,https://www.magicbricks.com/ats-bonheur-avenue-sohna-sector-35-gurgaon-pdpid-4d4235333339303137
R399126,L And T West Square,Navi Mumbai,https://www.magicbricks.com/l-and-t-realty-seawoods-west-square-seawoods-navi-mumbai-pdpid-4d4235333332393731
R399130,Akshar by KGK Realty,Jaipur,https://www.magicbricks.com/akshar-mansarovar-extension-jaipur-pdpid-4d4235333239303737
R399334,Chheda Avighna,Mira Bhayandar,https://www.magicbricks.com/chheda-avighna-mira-bhayandar-mumbai-pdpid-4d4235333337353639
R399575,DGS Sheetal Mayra,Beyond Mira Road,Not Found
R399694,Vinayak Atlantis,Kolkata East,https://www.magicbricks.com/vinayak-atlantis-new-town-kolkata-pdpid-4d4235333532393831
R399700,Tulip Infinity Avana,Pune West,https://www.magicbricks.com/project-tulip-infinity-avana-3bhk-for-sale-in-pune-pppfs
R399881,D R Praharsh Bluebell,Ahmedabad West,https://www.magicbricks.com/project-dr-praharsh-bluebell-for-sale-in-ahmedabad-pppfs
R400347,Saradeuz Olympus,Chennai South,https://www.magicbricks.com/project-saradeuz-olympus-for-sale-in-chennai-pppfs
R400415,Smartworld One DXP,Gurgaon,https://www.magicbricks.com/smartworld-one-dxp-sector-113-gurgaon-pdpid-4d4235333930333339
R400416,Vida by Nila Spaces,Gandhinagar,https://www.magicbricks.com/vida-project-by-nila-spaces-ltd-gift-city-gandhinagar-pdpid-4d4235333439393637
R400433,Morya Phase 2,Kolkata South,https://www.magicbricks.com/morya-phase-2-tollygunge-kolkata-pdpid-4d4235343230373635
R400534,Amolik Aster Woods,Faridabad,https://www.magicbricks.com/amolik-aster-woods-sector-98-faridabad-pdpid-4d4235333637353533
R400711,Adi Darsshan,Mumbai South,https://www.magicbricks.com/adi-darsshan-lower-parel-mumbai-pdpid-4d4235333531383439
R400981,WMI Ashford Regal,Central Mumbai,https://www.magicbricks.com/wmi-ashford-regal-bhandup-west-mumbai-pdpid-4d4235333535383131
R401070,Trident Hills,Panchkula,Not Found
R401138,Roswalt Zaiden,Western Mumbai,Not Found
R401319,Modirealty Vatvriksh,Western Mumbai,https://www.magicbricks.com/modi-modirealty-vatvriksh-goregaon-west-mumbai-pdpid-4d4235333531353231
R401498,MK The Senses,Siliguri,https://www.magicbricks.com/the-senses-matigara-siliguri-pdpid-4d4235333930323631
R401645,Riviera Majestica,Ahmedabad West,https://www.magicbricks.com/riviera-majestica-shela-ahmedabad-pdpid-4d4235333836393937
R401705,Godrej Serene,Pune North,https://www.magicbricks.com/godrej-serene-mamurdi-pune-pdpid-4d4235333535343439
R401796,Bramhacorp August Towers,Pune East,https://www.magicbricks.com/bramhacorp-august-towers-wadgaon-sheri-pune-pdpid-4d4235333932383331
R401822,Sun The Kimana Towers,Ahmedabad West,https://www.magicbricks.com/sun-builders-the-kimana-tower-ambli-ahmedabad-pdpid-4d4235333930323831
R401823,Kumar Parth Towers,Pune West,https://www.magicbricks.com/kumar-parth-towers-baner-pune-pdpid-4d4235333834373037
R401902,Bhagwati Elysia 2,Navi Mumbai,https://www.magicbricks.com/bhagwati-elysia-pushpak-nagar-navi-mumbai-pdpid-4d4235343235323731
R402571,Shilp Residency,Ahmedabad North,https://www.magicbricks.com/shilp-residency-gota-ahmedabad-pdpid-4d4235333930323535
R402875,Dac Vilva,Chennai South,Not Found
R402904,Godrej Athena,Bangalore East,Not Found
R402982,Gala Ikebana,Ahmedabad West,Not Found
R403083,Prestige Elm Park,Bangalore East,Not Found
R403482,Kolte Patil Life Republic Aros,Pune West,https://www.magicbricks.com/kolte-patil-life-republic-aros-hinjewadi-pune-pdpid-4d4235333836353039
R403634,Amardeep Infinity,Vadodara,Not Found
R403677,VR Reflection,Ahmedabad West,Not Found
R403699,Godrej Five Gardens,Mumbai South,https://www.magicbricks.com/godrej-five-gardens-matunga-mumbai-pdpid-4d4235333932323037
R403725,Bhawani Inara,Kolkata East,https://www.magicbricks.com/bhawani-inara-new-town-kolkata-pdpid-4d4235333935343931
R403760,Grand Vissta,Surat,https://www.magicbricks.com/grand-vissta-vesu-surat-pdpid-4d4235343231353637
R403762,Parshavanath City,Kota,Not Found
R403775,Capital Garden,Ranchi,Not Found
R403842,Adani Samsara Avasa,Gurgaon,https://www.magicbricks.com/adani-samsara-avasa-sector-63-gurgaon-pdpid-4d4235343035303531
R403847,Adore Smart City,Faridabad,https://www.magicbricks.com/adore-smart-city-sector-97-faridabad-pdpid-4d4235333933323837
R403916,Shalimar Gallant West,Lucknow,Not Found
R404068,M3M Crown,Gurgaon,https://www.magicbricks.com/m3m-crown-phase-1-sector-111-gurgaon-pdpid-4d4235333933333337
R404103,QA Riverfront,Navi Mumbai,https://www.magicbricks.com/qa-riverfront-3-taloja-navi-mumbai-pdpid-4d4235343233303231
R404176,Aagaman by Rajat,Kolkata South,Not Found
R404456,Signature Global City 93,Gurgaon,https://www.magicbricks.com/signature-global-city-93-sector-93-gurgaon-pdpid-4d4235333933373231
R404540,Urbanyx Court,Bhubaneswar,https://www.magicbricks.com/urbanyx-court-dumduma-bhubaneswar-pdpid-4d4235343232343437
R404561,Etha Su Casa Valley,Kolkata South,https://www.magicbricks.com/su-casa-valley-rajpur-kolkata-pdpid-4d4235333932323837
R404772,Central Park The Orchard,Gurgaon,https://www.magicbricks.com/central-park-the-orchard-sohna-sector-32-gurgaon-pdpid-4d4235343034333833
R404822,ATC Ultima,Jamshedpur,https://www.magicbricks.com/atc-ultima-baridih-jamshedpur-pdpid-4d4235343137363535
R404901,Amolik Park View 84,Faridabad,https://www.magicbricks.com/amolik-park-view-sector-84-faridabad-pdpid-4d4235343135383833
R404929,Chandak Treesourus,Western Mumbai,https://www.magicbricks.com/chandak-treesourus-malad-west-mumbai-pdpid-4d4235343037383939
R405058,Raymond Realty Ten X Era,Thane,https://www.magicbricks.com/tenx-era-raymond-realty-thane-west-thane-pdpid-4d4235333939383637
R405131,Lodha Panache,Pune West,Not Found
R405181,M3M Golf Hills,Gurgaon,https://www.magicbricks.com/m3m-golf-hills-phase-1-sector-79-gurgaon-pdpid-4d4235343030303737
R405185,Tulsi Ananta,Anand,Not Found
R405400,Pramukh Yogi Woods,Silvassa,Not Found
R405663,Satyam Altura,Navi Mumbai,Not Found
R405789,Pacific One Pyramid,Navi Mumbai,https://www.magicbricks.com/pacific-one-pyramid-airoli-navi-mumbai-pdpid-4d4235343235373135
R405806,Narang Privado,Thane,Not Found
R406108,Lodha Aura New Cuffe Parade,Mumbai South,Not Found
R406615,Panache,Ahmedabad North,Not Found
R407002,Tricity Natraj,Central Mumbai,https://www.magicbricks.com/tricity-natraj-chembur-mumbai-pdpid-4d4235333938323135
R407476,Puri SeleQt,Western Mumbai,https://www.magicbricks.com/puri-seleqt-andheri-east-mumbai-pdpid-4d4235343032303935
R407674,Neelkamal Nicco Residency,Western Mumbai,https://www.magicbricks.com/nicco-residency-jogeshwari-vikhroli-link-road-mumbai-pdpid-4d4235343031383631
R407861,Casa Havana by Zaramount,North Goa,https://www.magicbricks.com/casa-vino-nachinola-nachinola-goa-pdpid-4d4235343238303139
R407956,Techno Aakasa,Mumbai South,Not Found
R408152,Shiv Mahadev Lavish,Ahmedabad West,https://www.magicbricks.com/shiv-land-mahadev-lavish-south-bopal-ahmedabad-pdpid-4d4235343136363433
R408593,Belicia,Thane,https://www.magicbricks.com/belicia-panch-pakhdi-thane-pdpid-4d4235343230383531
R409166,Dream Elegance,Pune West,https://www.magicbricks.com/dream-elegance-balewadi-pune-pdpid-4d4235303232363739
R409222,Sunrise Meadows,Howrah,https://www.magicbricks.com/sureka-sunrise-meadows-howrah-kolkata-pdpid-4d4235343136383131
R409258,Rohan Nidita,Pune West,Not Found
R409477,Aurigaa Mirai,Pune West,https://www.magicbricks.com/gk-mirai-phase-i-punawale-pune-pdpid-4d4235343039393339
R409532,Tirupati Greens,Indore,Not Found
R409549,Protech Pride,Guwahati,https://www.magicbricks.com/protech-pride-bagharbari-guwahati-pdpid-4d4235343139343731
R409806,Green County,Vapi,Not Found
R409850,Prabha Aikyam,Kolkata East,https://www.magicbricks.com/prabha-aikyam-new-town-kolkata-pdpid-4d4235343036333133
R409873,Radiance Regalia,Coimbatore,Not Found
R410064,Vivaan Aura,Ahmedabad North,https://www.magicbricks.com/vivaan-aura-zundal-ahmedabad-pdpid-4d4235343136333037
R410076,Amaya,Surat,https://www.magicbricks.com/pramukh-amaya-palanpur-surat-pdpid-4d4235343133353833
R410113,Aramus The Domus 26 West,Navi Mumbai,https://www.magicbricks.com/the-domus-26-east-ulwe-navi-mumbai-pdpid-4d4235343235383031
R410288,Samaira Opulence,Beyond Mira Road,Not Found
R410321,SKG Nava Geeta,Central Mumbai,Not Found
R410443,Kavisha Aer,Ahmedabad West,https://www.magicbricks.com/kavisha-aer-shela-ahmedabad-pdpid-4d4235343134393737
R410449,Prestige Park Grove,Bangalore East,Not Found
R410488,Sarvatra,Pune Central,Not Found
R410695,Woods Ville,Raipur,Not Found
R411008,Spotlight Countryside,Kolkata South,Not Found
R411183,Sangini Aura,Surat,https://www.magicbricks.com/sangini-aura-pal-surat-pdpid-4d4235343131373033
R411200,Kolte Patil 24k Altura,Pune West,Not Found
R411514,Bachraj Legend,Beyond Mira Road,https://www.magicbricks.com/bachraj-landmark-virar-west-mumbai-pdpid-4d4235303933373531
R411558,Falcon Tatva,Bhubaneswar,https://www.magicbricks.com/falcon-tatva-dumuduma-bhubaneswar-pdpid-4d4235343135333133
R411611,Kohinoor Highland,Thane Outskirts,Not Found
R411626,Eternity By Ratnaakar,Ahmedabad West,https://www.magicbricks.com/eternity-by-ratnaakar-ambli-bopal-road-ahmedabad-pdpid-4d4235343136333937
R411643,Vivaan Solitaire,Ahmedabad North,Not Found
R411894,Om The Green Parmeshwar,Ahmedabad North,Not Found
R412016,Kolte Patil Life Republic Atmos,Pune West,Not Found
R412162,Acacia,Surat,https://www.magicbricks.com/acacia-vesu-surat-pdpid-4d4235343136353335
R412175,Freedom Tower,Surat,https://www.magicbricks.com/freedom-tower-vesu-surat-pdpid-4d4235343136353139
R412208,Villas Palladio Balewadi Central,Pune West,Not Found
R412464,Metro Saraswati Paradise,Central Mumbai,https://www.magicbricks.com/metro-saraswati-paradise-mulund-west-mumbai-pdpid-4d4235343137373031
R412508,Swati Premier,Ahmedabad West,Not Found
R412546,DLF Privana South,Gurgaon,Not Found
R412547,Seasons Green,Thane Outskirts,Not Found
R413028,Krisala 41 Zillenia,Pune West,https://www.magicbricks.com/krisala-41-zillenia-punawale-pune-pdpid-4d4235343139303737
R413082,Dosti Eden,Thane,Not Found
R413102,Satatya Syril 2,Ahmedabad North,Not Found
R413125,Windsong Residences,Panchkula,Not Found
R413362,Maithili The Trellis,Navi Mumbai,https://www.magicbricks.com/maithili-the-trellis-kopar-khairane-navi-mumbai-pdpid-4d4235343137353637
R413380,Birla Trimaya,Bangalore North,https://www.magicbricks.com/birla-trimaya-devanahalli-bangalore-pdpid-4d4235343136383937
R413474,Z Padmanabha,Bhubaneswar,https://www.magicbricks.com/z-padmanabha-pahala-bhubaneswar-pdpid-4d4235343230303633
R413590,Godrej Emerald Waters,Pune North,Not Found
R413903,GK Aryaban,Pune West,https://www.magicbricks.com/gk-aryaban-kiwale-pune-pdpid-4d4235343137313039
R413990,Rohan Ekam,Pune West,Not Found
R414088,Aparna Synergy,Hyderabad,https://www.magicbricks.com/aparna-synergy-gandi-maisamma-hyderabad-pdpid-4d4235343136373431
R414100,The Bellagio,Ahmedabad West,https://www.magicbricks.com/aum-the-bellagio-iscon-ambli-road-ahmedabad-pdpid-4d4235343136323835
R414177,Ambit Vista,Western Mumbai,https://www.magicbricks.com/ambit-vista-santacruz-east-mumbai-pdpid-4d4235343136353733
R414233,Bakeri Stella,Gandhinagar,https://www.magicbricks.com/bakeri-stella-gift-city-gandhinagar-pdpid-4d4235343136383437
R414340,JGs Pristine,Patna,Not Found
R414350,Ravilla Marutham Royal Park,Chennai North,Not Found
R414361,Lodha Vero,Central Mumbai,https://www.magicbricks.com/lodha-vero-sion-mumbai-pdpid-4d4235343136393537
R414367,Adarsh Welkin Park,Bangalore East,Not Found
R414587,Anand Aspire By Balar Homes,Surat,https://www.magicbricks.com/anand-aspire-jahangirabad-surat-pdpid-4d4235343138323339
R414588,Shilalekh Imperia,Surat,https://www.magicbricks.com/shilalekh-imperia-pal-surat-pdpid-4d4235343138323333
R414671,Pratishtha Heights,Surat,Not Found
R415061,Girijas Sky Empire,Navi Mumbai,https://www.magicbricks.com/sky-empire-pushpak-nagar-navi-mumbai-pdpid-4d4235343235323931
R415113,Golfland at Vanaha,Pune West,Not Found
R415396,Raheja Exotica Cyprus,Western Mumbai,https://www.magicbricks.com/raheja-exotica-cyprus-malad-mumbai-pdpid-4d4235343230303235
R415426,Empyrean Leela,Pune East,Not Found
R415896,Emerald Gardenia,Indore,https://www.magicbricks.com/emerald-gardenia-indore-bypass-road-indore-pdpid-4d4235343235303637
R416018,Vardhman Fairmont,Bhopal,https://www.magicbricks.com/vardhman-fairmont-hoshangabad-road-bhopal-pdpid-4d4235343235313835
R416283,Bharat Alta Vistas,Western Mumbai,Not Found
R416461,Shubh Tristar,Pune East,https://www.magicbricks.com/shubh-tristar-mundhwa-pune-pdpid-4d4235343137353933
R416806,Basil Maximus,Pune West,Not Found
R416809,MICL Aaradhya Avaan,Mumbai South,https://www.magicbricks.com/micl-aaradhya-avaan-tardeo-mumbai-pdpid-4d4235343137313533
R416810,Lodha Stella,Thane,Not Found
R417011,Neelkanth Palm President,Navi Mumbai,https://www.magicbricks.com/neelkanth-palm-president-ghansoli-navi-mumbai-pdpid-4d4235343233393737
R417100,Lodha Riservo,Central Mumbai,https://www.magicbricks.com/lodha-riservo-vikhroli-west-mumbai-pdpid-4d4235343230353639
R417142,Kumar Codename LightHouse,Pune East,Not Found
R417345,Shalimar Sky Garden,Lucknow,https://www.magicbricks.com/supreme-shalimar-sky-garden-vibhuti-khand-lucknow-pdpid-4d4235343231353535
R417410,Aashirwad Vrindavan,Kota,https://www.magicbricks.com/aashirwad-gokul-mbs-road-kota-pdpid-4d4235323235313533
R417467,Sattvam,Surat,https://www.magicbricks.com/sattvam-pal-surat-pdpid-4d4235343138323431
R417864,Luxuria,Mira Bhayandar,https://www.magicbricks.com/vihang-luxuria-mira-road-east-mumbai-pdpid-4d4235333936373139
R417888,Posh Ville,Gandhinagar,https://www.magicbricks.com/posh-ville-by-saamarth-raysan-gandhinagar-pdpid-4d4235343138323437
R418052,Cozy Green Elegance,Siliguri,https://www.magicbricks.com/green-elegance-matigara-siliguri-pdpid-4d4235343139323639
R418209,Forum Estates Aranya Innovative Township,Kolkata East,https://www.magicbricks.com/forum-estates-aranya-new-town-kolkata-pdpid-4d4235343234343431
R418213,Liffe Fest By Realmark,Kolkata South,Not Found
R418337,Shaligram Rudraksh Kingston,Bhopal,https://www.magicbricks.com/shaligram-rudraksh-kingston-phase-i-bawadiya-kalan-bhopal-pdpid-4d4235343139303937
R418468,Downtown Avenue,Navi Mumbai,https://www.magicbricks.com/tpv-downtown-avenue-vashi-navi-mumbai-pdpid-4d4235343232323431
R418507,R K Highstreet,Rajkot,Not Found
R418623,Kanakia Beverly Heights,Mira Bhayandar,Not Found
R418840,SKYi 5 Racecourse,Pune South,Not Found
R418866,Hill Crest Oaks,Western Mumbai,https://www.magicbricks.com/crest-oaks-marol-mumbai-pdpid-4d4235343139353137
R419026,AIGIN Royal Park,Ghaziabad,https://www.magicbricks.com/aigin-royal-park-nh-24-ghaziabad-pdpid-4d4235343138383031
R419391,H Rishabraj Trident,Western Mumbai,https://www.magicbricks.com/rishabraj-trident-juhu-mumbai-pdpid-4d4235343230303139
R419543,Akshardham Phase 2,Pune Central,https://www.magicbricks.com/akshardham-market-yard-pune-pdpid-4d4235303731393938
R419735,Florenza By Devashri,North Goa,Not Found
R419935,Vista Residences,Western Mumbai,https://www.magicbricks.com/id-vista-residences-goregaon-west-mumbai-pdpid-4d4235343138313333
R419968,Gurukrupa Alaknanda,Western Mumbai,https://www.magicbricks.com/gurukrupa-alaknanda-juhu-mumbai-pdpid-4d4235343232363831
R419984,Supreme Towers,Pune East,Not Found
R420047,Devaloke Sonarcity,Kolkata South,https://www.magicbricks.com/devaloke-sonar-city-garia-kolkata-pdpid-4d4235303931303938
R420281,Kakkad Bella Casa,Pune West,https://www.magicbricks.com/bella-casa-ambegaon-bk-pune-pdpid-4d4235333236303939
R420399,Trinity Bless Residency,Beyond Mira Road,Not Found
R420495,Ayushi Shivmalti Vihar Ayushi Dhara,Jabalpur,Not Found
R420567,Kingmaker Universe,Indore,Not Found
R420746,Evos Alchemy,Bhubaneswar,https://www.magicbricks.com/evos-alchemy-patia-bhubaneswar-pdpid-4d4235343139323337
R420851,Suraj Lumina,Mumbai South,https://www.magicbricks.com/suraj-lumina-mahim-mumbai-pdpid-4d4235343231303337
R421185,Raghuvir Spelito,Surat,https://www.magicbricks.com/raghuvir-spelito-vesu-surat-pdpid-4d4235343139343235
R421347,BCM Panache,Indore,Not Found
R421539,Motwani Anantara,Bhubaneswar,https://www.magicbricks.com/anantara-jharapada-bhubaneswar-pdpid-4d4235343139333831
R421654,Buildwell Eminence,Indore,Not Found
R421711,M3M The Line,Noida,https://www.magicbricks.com/m3m-the-line-sector-72-noida-pdpid-4d4235343138303239
R421748,Platinum Marvelle,Pune West,Not Found
R421806,Mantra Magnus,Pune East,Not Found
R422122,Shubhams Horizon Park,Kota,Not Found
R422150,Godrej Woodscapes,Bangalore East,Not Found
R422312,Madhav Oeuvre Iconic,Ahmedabad West,Not Found
R422559,Empire Township,Chennai South,https://www.magicbricks.com/empire-estate-siruseri-chennai-pdpid-4d4235333639323833
R422985,Serenity Shivam,Ahmedabad West,https://www.magicbricks.com/serenity-shivam-south-bopal-ahmedabad-pdpid-4d4235343139323037
R423077,Millennium Antara,Surat,https://www.magicbricks.com/millennium-antara-vesu-surat-pdpid-4d4235343235353837
R423085,Raheja Solaris 3,Navi Mumbai,https://www.magicbricks.com/raheja-solaris-juinagar-navi-mumbai-pdpid-4d4235333038313033
R423182,Pristine O2 World,Pune East,Not Found
R423193,Aanya Crystal Antara,Thane,Not Found
R423265,Badris Jishnu Nivas,Vijayawada,Not Found
R423602,MICL Aaradhya Onepark,Central Mumbai,Not Found
R423799,Gada Elina,Pune East,Not Found
R423882,Malabar Retreat a Project by Ganesh Housing,Ahmedabad North,Not Found
R424017,Protech Dharapur Phase 3,Guwahati,https://www.magicbricks.com/protech-dharapur-phase-3-dharapur-guwahati-pdpid-4d4235333236313231
R424323,Airica Tower,Central Mumbai,Not Found
R424324,Sankla Mahadik East World,Pune East,https://www.magicbricks.com/sankla-mahadik-east-world-phase-i-manjri-budruk-pune-pdpid-4d4235343139373135
R424568,JMS Premier Floors,Gurgaon,https://www.magicbricks.com/jms-premier-floors-sector-95-gurgaon-pdpid-4d4235343233363135
R424595,TB Sankalp Grande,Indore,Not Found
R424721,Kiwale Navyam,Pune West,https://www.magicbricks.com/navyam-ravet-pune-pdpid-4d4235343231323031
R424835,Venkatesh Anandmayi,Pune South,https://www.magicbricks.com/venkatesh-heights-narhe-pune-pdpid-4d4235303839363932
R425108,Cornerstone Haven,Margao,Not Found
R425143,Whispering Glenz,North Goa,https://www.magicbricks.com/whispering-glenz-siolim-goa-pdpid-4d4235343236303739
R425233,Rai Galaxy,Thane Outskirts,Not Found
R425249,Sai Vrindavan,Navi Mumbai,https://www.magicbricks.com/sai-vrindavan-panvel-navi-mumbai-pdpid-4d4235343236363539
R425712,SKA Destiny One,Greater Noida,Not Found
R425739,EV 9 Square,Navi Mumbai,https://www.magicbricks.com/ev-9-square-vashi-navi-mumbai-pdpid-4d4235343234353233
R425773,AU The Sunflower,Ghaziabad,https://www.magicbricks.com/au-the-sunflower-phase-1-shahpur-bamheta-ghaziabad-pdpid-4d4235343234323031
R425871,Renaissance The Baya Sunrise,Mumbai South,https://www.magicbricks.com/the-baya-sunrise-dadar-east-mumbai-pdpid-4d4235343233373635
R425958,Krisala 41 Luxovert,Pune West,Not Found
R425959,Astrana,Pune East,Not Found
R426054,Kalasagar Skyline,Ahmedabad East,Not Found
R426079,Darsshan Promesa Fremont,Mumbai South,Not Found
R426093,Sharanya Kadamb,Ahmedabad West,https://www.magicbricks.com/sharanya-skyvue-thaltej-ahmedabad-pdpid-4d4235313839393835
R426159,Nimbus The Palm Village,Greater Noida,https://www.magicbricks.com/nimbus-the-palm-village-yamuna-expressway-greater-noida-pdpid-4d4235343230363035
R426299,Antariksh Alpha,Central Mumbai,Not Found
R426335,Paradise Sai Platinum,Navi Mumbai,https://www.magicbricks.com/sai-platinum-kharghar-navi-mumbai-pdpid-4d4235343233393431
R426470,Samarthya Excellence,Surat,Not Found
R426520,Conscient Parq,Gurgaon,Not Found
R426600,Terranova,Ahmedabad North,https://www.magicbricks.com/terranova-gota-ahmedabad-pdpid-4d4235343231393839
R426743,Kamdhenu Grandeur,Navi Mumbai,https://www.magicbricks.com/kamdhenu-grandeur-sanpada-navi-mumbai-pdpid-4d4235343232373031
R426778,Tricity Aura,Navi Mumbai,https://www.magicbricks.com/tricity-aura-kalamboli-navi-mumbai-pdpid-4d4235343231323737
R426815,Pavitra Luxury Residences,Mohali,Not Found
R426894,Shantam Luxuria,Vadodara,https://www.magicbricks.com/pancham-luxuria-vemali-vadodara-pdpid-4d4235333034353033
R427112,Casagrand Selenia,Chennai South,Not Found
R427124,Harvi Helenium,Ahmedabad West,Not Found
R427386,Saamarth Twinland,Gandhinagar,https://www.magicbricks.com/saamarth-twinland-koba-gandhinagar-pdpid-4d4235343231363533
R427388,Jashn Elevate,Lucknow,https://www.magicbricks.com/jashn-elevate-sushant-golf-city-lucknow-pdpid-4d4235343231323335
R427438,Jalandhar Heights 3,Jalandhar,Not Found
R427471,DGS Sheetal Kiara,Western Mumbai,Not Found
R427484,Parth Kiona,Pune West,https://www.magicbricks.com/parth-kiona-maan-pune-pdpid-4d4235343232353537
R427572,Lucky Dream City,Ranchi,Not Found
R427633,Pandit Nandvihar,Pune Central,Not Found
R427849,Radhekrishna Vrindavann 1,Udaipur,Not Found
R427908,Kosmic Kourtyard Phase 2,Pune East,Not Found
R428040,Myhna Orchid,Bangalore East,Not Found
R428050,L And T Seawoods West Manor,Navi Mumbai,https://www.magicbricks.com/l-and-t-realty-seawoods-west-manor-tower-a-and-b-nerul-navi-mumbai-pdpid-4d4235343231373531
R428214,Runwal Lands End Breeze,Thane,Not Found
R428221,Kabra Embraze,Central Mumbai,https://www.magicbricks.com/kabra-embraze-ghatkopar-east-mumbai-pdpid-4d4235343231383139
R428235,Kohinoor Central Park,Pune West,Not Found
R428236,Roshan Silver Meteor,Pune West,https://www.magicbricks.com/silver-meteor-tathawade-pune-pdpid-4d4235343231343231
R428295,Ask Chennai Highway City,Chennai South,Not Found
R428348,Shri Krishna Anandam,Vrindavan,https://www.magicbricks.com/shri-krishna-anandam-vrindavan-road-mathura-pdpid-4d4235343230313035
R428365,Gami Satyam Palacio,Navi Mumbai,https://www.magicbricks.com/gami-satyam-palacio-kharghar-navi-mumbai-pdpid-4d4235343232313331
R428385,Himaja Elite Brundavan,Vijayawada,https://www.magicbricks.com/himaja-elite-brundavan-gannavaram-vijayawada-pdpid-4d4235343232363039
R428412,Signature Global Titanium SPR,Gurgaon,https://www.magicbricks.com/signatureglobal-titanium-spr-sector-71-gurgaon-pdpid-4d4235343231353933
R428438,Kiran Concord Towers,Surat,https://www.magicbricks.com/keith-kiran-fortune-tower-sarthana-jakat-naka-surat-pdpid-4d4235333039313535
R428688,Central Park Flower Valley Bignonia Towers,Gurgaon,https://www.magicbricks.com/central-park-bignonia-towers-sohna-sector-32-gurgaon-pdpid-4d4235343231353135
R428692,Nutan Lotus Elegance,Patna,https://www.magicbricks.com/lotus-garden-gola-road-patna-pdpid-4d4235343235333733
R428719,Century Regalia,Bangalore East,Not Found
R428734,Majestique New Friends,Pune Central,Not Found
R429180,Bhagwati Celestria,Navi Mumbai,https://www.magicbricks.com/bhagwati-celestria-airoli-navi-mumbai-pdpid-4d4235343234383939
R429262,Ishaan Atulyam,Udaipur,Not Found
R429275,Casagrand Estilo,Chennai South,https://www.magicbricks.com/project-casagrand-estilo-3bhk-for-sale-in-chennai-pppfs
R429431,Basil Vrundavan,Pune South,Not Found
R429433,Kohinoor Gardens,Thane Outskirts,Not Found
R429434,RNG Aura Villas,Haridwar,Not Found
R429459,Kolte Patil Springshire,Pune East,https://www.magicbricks.com/project-kolte-patil-springshire-2bhk-for-sale-in-pune-pppfs
R429540,Resset Good Earth,Ahmedabad West,https://www.magicbricks.com/good-earth-ghuma-ahmedabad-pdpid-4d4235343232343735
R429967,Dosti Willow,Thane,https://www.magicbricks.com/dosti-west-county-phase-7-dosti-willow-thane-west-thane-pdpid-4d4235343233373435
R430000,Hitech Dwarka,Navi Mumbai,Not Found
R430075,Prestige Raintree Park,Bangalore East,https://www.magicbricks.com/project-prestige-raintree-park-for-sale-in-bangalore-pppfs
R430191,Adani Lushlands,Gurgaon,https://www.magicbricks.com/adani-lushlands-gwal-pahari-gurgaon-pdpid-4d4235343232363233
R430227,Hilltown Paradise,Gandhinagar,Not Found
R430231,Godrej Nurture,Central Mumbai,https://www.magicbricks.com/godrej-nurture-bhandup-west-mumbai-pdpid-4d4235343232353633
R430238,Shilp Skyline,Ahmedabad North,https://www.magicbricks.com/shilp-skyline-shantigram-ahmedabad-pdpid-4d4235343233353637
R430246,Avianna Invicta,Navi Mumbai,https://www.magicbricks.com/project-avianna-invicta-for-sale-in-navi-mumbai-pppfs
R430372,Godrej River Crest,Pune East,https://www.magicbricks.com/project-godrej-river-crest-for-sale-in-pune-pppfs
R430664,PRANAMI BLISS,Western Mumbai,https://www.magicbricks.com/pranami-bliss-andheri-west-mumbai-pdpid-4d4235343232353833
R430740,Raivat Turquoise Re 45,Ahmedabad West,https://www.magicbricks.com/project-turquoise-re45-3bhk-for-sale-in-ahmedabad-pppfs
R430769,Devika Aero Cidade,Vasco Da Gama,Not Found
R430890,Malhar Magnus Evoq,Pune West,https://www.magicbricks.com/malhar-magnus-evoq-kiwale-pune-pdpid-4d4235343232363535
R430897,Satra Nexus,Western Mumbai,https://www.magicbricks.com/satra-nexus-jogeshwari-east-mumbai-pdpid-4d4235343232363331
R430972,URE Ultra Luxury Builder Floors,South Delhi,https://www.magicbricks.com/south-delhi-luxury-floors-greater-kailash-1-new-delhi-pdpid-4d4235333337323339
R430973,Tricity Heritage,Navi Mumbai,Not Found
R430987,Kolte Canvas,Pune West,Not Found
R431012,Samatva Magnolia,Ahmedabad West,https://www.magicbricks.com/samatva-magnolia-gota-ahmedabad-pdpid-4d4235343232353433
R431064,Forest Hills at The Prestige City,Central Mumbai,Not Found
R431076,Omdev Homes,South Delhi,https://www.magicbricks.com/omdev-homes-greater-kailash-1-new-delhi-pdpid-4d4235313133303737
R431285,Ayansh Prime 24,Jaipur,https://www.magicbricks.com/ayansh-prime-24-mansarovar-jaipur-pdpid-4d4235343233353835
R431532,Kalpataru Advay,Western Mumbai,https://www.magicbricks.com/kalpataru-advay-borivali-west-mumbai-pdpid-4d4235343232383333
R431642,Siddhik Green Abalone,Ahmedabad West,Not Found
R432121,Yeskay Pearl View Apartments,Kochi,https://www.magicbricks.com/yeskay-regalia-kadavanthra-kochi-pdpid-4d4235303733383438
R432133,Agarwal Emerald Kingsvilla,Indore,https://www.magicbricks.com/emerald-pratham-indore-bypass-road-indore-pdpid-4d4235313138383331
R432446,Deep Indraprasth Abode,Ahmedabad West,https://www.magicbricks.com/indraprasth-abode-bopal-ahmedabad-pdpid-4d4235343232363033
R432454,Orion Park,Indore,https://www.magicbricks.com/orion-star-jakhya-indore-pdpid-4d4235313330303235
R432486,Lotus Urban Hills Phase 1,Navi Mumbai,Not Found
R432487,Kalra Apartment and Floors,West Delhi,https://www.magicbricks.com/kalra-luxurious-homes-uttam-nagar-new-delhi-pdpid-4d4235313130333437
R432494,Kalra Apartment and Floors Janakpuri,West Delhi,Not Found
R432506,Nambiar District 25,Bangalore East,Not Found
R432589,Royal Green County,Indore,Not Found
R432596,VKG Dev Bhumi,Indore,Not Found
R432710,Grand Calistaa,Surat,https://www.magicbricks.com/grand-calistaa-vesu-surat-pdpid-4d4235343234363737
R432975,Buildwell Yash Homes Luxury Builder Floors,Faridabad,Not Found
R433161,Grand Sapphire,Patna,https://www.magicbricks.com/grand-sapphire-ram-krishna-puram-patna-pdpid-4d4235343231393539
R433257,Sun Urban Park,Ahmedabad West,Not Found
R433263,Prestige Pine Forest,Bangalore East,Not Found
R433348,Shree Sankalp Siddh Vivant,Rajkot,https://www.magicbricks.com/sankalp-siddh-hari-nagar-rajkot-pdpid-4d4235333033383031
R433352,Satyam Seasons,Navi Mumbai,Not Found
R433630,Arihant Avanti Palace,Thane,https://www.magicbricks.com/arihant-avanti-shilphata-thane-pdpid-4d4235343234323133
R433633,Emami Aamod,Kolkata South,https://www.magicbricks.com/emami-aamod-new-alipore-kolkata-pdpid-4d4235343234353835
R433755,Anantaaj Luxurious Floors,Delhi South West,Not Found
R433781,Lodha Corinthia,Central Mumbai,https://www.magicbricks.com/lodha-corinthia-bhandup-west-mumbai-pdpid-4d4235343234303433
R433808,Supreme Boulevard,Central Mumbai,https://www.magicbricks.com/supreme-boulevard-chembur-mumbai-pdpid-4d4235343234303531
R433815,GHP Isle of Calm Tower 2,Central Mumbai,https://www.magicbricks.com/sunrise-isle-of-calm-tower-2-powai-mumbai-pdpid-4d4235343234363533
R433847,Signature Global Twin Tower DXP,Gurgaon,Not Found
R433863,Kamdhenu Crown,Navi Mumbai,https://www.magicbricks.com/kamdhenu-crown-sanpada-navi-mumbai-pdpid-4d4235343234363237
R433905,Godrej Skyline,Pune East,Not Found
R433993,Kaanha Affordable Homes,West Delhi,Not Found
R433995,Shree Hari Solitaire,Surat,Not Found
R434125,Sri Vishakha Ananya Township,Coimbatore,https://www.magicbricks.com/abi-ananya-township-karamadai-coimbatore-pdpid-4d4235343233383933
R434428,JR Premium Builder Floors,North Delhi,Not Found
R434439,Courtyard Prime,Bhopal,https://www.magicbricks.com/terra-courtyard-prime-kokta-bypass-road-bhopal-pdpid-4d4235343234343739
R434518,Artemis Address,Bangalore West,Not Found
R434520,Siddhanath Residency,South Goa,Not Found
R434959,Millennium Samriddhi,Pune West,https://www.magicbricks.com/millennium-samriddhi-punawale-pune-pdpid-4d4235343235363733
R435018,New Front 48 Central Park,Pune East,https://www.magicbricks.com/48-central-park-hadapsar-pune-pdpid-4d4235343234313133
R435331,Mist at Mayfair Highlands,Dehradun,https://www.magicbricks.com/mayfair-highland-mussoorie-road-dehradun-pdpid-4d4235333238393937
R435503,Saamarth Heritage Ville,Gandhinagar,https://www.magicbricks.com/saamarth-city-sargasan-gandhinagar-pdpid-4d4235313931303631
R435515,Pradeep Luxury Builders Floor,East Delhi,Not Found
R435520,Satyam Stella,Navi Mumbai,https://www.magicbricks.com/satyam-stella-kopar-khairane-navi-mumbai-pdpid-4d4235343234343435
R435526,Satermai Silver Solitude,North Goa,Not Found
R435532,Gold Bellagio,Kota,Not Found
R435537,Aaron Elinor 51,Ahmedabad West,https://www.magicbricks.com/aaron-elinor-51-science-city-ahmedabad-pdpid-4d4235343234383537
R435636,Adarsh Lumina,Bangalore South,Not Found
R435721,Kohinoor Uptown Kalyan,Thane Outskirts,https://www.magicbricks.com/kohinoor-lifestyle-kalyan-west-beyond-thane-pdpid-4d4235303432353534
R435871,Mmirari House,North Goa,Not Found
R435900,Anaadih Shri Datta,Sindhudurg,Not Found
R435926,Godrej Blue,Kolkata South,https://www.magicbricks.com/godrej-blue-new-alipore-kolkata-pdpid-4d4235343235323333
R436153,DRD Baladhandayuthabani Garden,Coimbatore,Not Found
R436183,Godrej Evergreen Square,Pune West,Not Found
R436210,Trogon Centre Court,Ahmedabad North,https://www.magicbricks.com/luxury-apartments-in-khoraj-gandhinagar-pppfs
R436246,Luxury Floors by Omdev Homes,South Delhi,https://www.magicbricks.com/omdev-homes-greater-kailash-1-new-delhi-pdpid-4d4235313133303737
R436420,Premium Luxury Floors by BDS BUILDCON,South Delhi,Not Found
R436447,PRM Paradise,Malda,Not Found
R436708,Anaaya,Kolkata Central,https://www.magicbricks.com/project-npr-anaaya-for-sale-in-kolkata-pppfs
R436740,Merlin Niyasa,Kolkata South,https://www.magicbricks.com/project-merlin-niyasa-for-sale-in-kolkata-pppfs
R436830,3Baan Farms,South Delhi,Not Found
R436886,Pride Miami,Pune North,Not Found
R436993,Neel Moira,North Goa,https://www.magicbricks.com/villa-for-sale-in-moira-goa-pppfs
R437015,Luxury Jagdamba builder floors,North Delhi,Not Found
R437032,Lotus Infra Luxurio,Guntur,Not Found
R437068,Dream Meadows,Navi Mumbai,https://www.magicbricks.com/dream-meadows-kharghar-navi-mumbai-pdpid-4d4235343235373837
R437137,Escaso Platinum The Reserve,Navi Mumbai,https://www.magicbricks.com/platinum-the-reserve-kharghar-navi-mumbai-pdpid-4d4235343237393031
R437157,Saranga Flats,Chennai North,https://www.magicbricks.com/sorrento-saranga-residency-chetpet-chennai-pdpid-4d4235323830353039
R437221,Chandok Apartments and Floors,West Delhi,https://www.magicbricks.com/villa-for-sale-in-janakpuri-new-delhi-pppfs
R437226,Staar RPS Garden,Chennai South,https://www.magicbricks.com/project-staar-rps-garden-3bhk-for-sale-in-chennai-pppfs
R437229,Lucky Elite Homes,Greater Noida,https://www.magicbricks.com/lucky-homes-palm-court-sector-1-noida-extension-greater-noida-pdpid-4d4235323436303831
R437231,SMG Hills,Indore,Not Found
R437245,Nirvana Skydeck,Indore,Not Found
R437427,Santorini Seven,Surat,Not Found
R437781,Maverick Namaha,Central Mumbai,Not Found
R437885,Maya Buildcon Premium Floors,Ghaziabad,Not Found
R437900,EV 23 Malibu West,Navi Mumbai,https://www.magicbricks.com/ev-23-malibu-west-kopar-khairane-navi-mumbai-pdpid-4d4235343236313635
R437901,Disha Elysium,Western Mumbai,Not Found
R437976,Lotus Green Luxury Villa,Greater Noida,https://www.magicbricks.com/lotus-green-sector-150-noida-pdpid-4d4235303834303035
R437982,Nova 10 Elegance,Navi Mumbai,https://www.magicbricks.com/nova-10-elegance-phase-i-kharghar-navi-mumbai-pdpid-4d4235343236313433
R438059,Premium Pleasant City,Mysore,Not Found
R438063,Menlo Tathasthu,Pune North,Not Found
R438104,Lakhani Empire Dynasty,Thane,https://www.magicbricks.com/empire-dynasty-panch-pakhdi-thane-pdpid-4d4235343236313637
R438107,Aarsh Aquavista,Ahmedabad North,Not Found
R438133,CH Pride Stone,Navi Mumbai,Not Found
R438135,Nirvana Homes,Haridwar,Not Found
R438192,SS Bhavya Enclave,Indore,Not Found
R438194,Trustfort Icon,Pune East,Not Found
R438210,Lodha Massimo,Pune West,Not Found
R438215,Span Empress,Navi Mumbai,https://www.magicbricks.com/satyam-empress-kharghar-navi-mumbai-pdpid-4d4235303138343930
